Source,Category,EventName,DateTime,City,VenueName,Address,Link,Description,DateTime_start,DateTime_end,Jour_start,Mois_start,Annee_start,Heure_start,Heure_end,lat,lon,duration_h,tags
SerpApi,concerts,Bobby Mair,"31 Dec 2025, 19:00 – 1 Jan 2026, 02:00",London,"Le pain et les roses, 68 Clapham Manor St, Londres","Le pain et les roses, 68 Clapham Manor St, Londres",https://dice.fm/event/xe7a7e-clapham-comedy-club-new-years-eve-comedy-party-31st-dec-the-bread-and-roses-london-tickets,"Mercredi 31 décembre 2025 Soirée comique du réveillon du Nouvel An au Clapham Comedy Club : Bobby Mair, Imran Yusuf, Sallyann Fellowes, Onojie Idemudia, Joe Haddad et MC Sion James Cinq meilleurs comédiens plus...",2025-12-31T19:00:00,2026-01-01T02:00:00,31.0,12.0,2025.0,19.0,2.0,,,7.0,concerts
SerpApi,concerts,Comédie du Nouvel An et soirée après le spectacle,"31 Dec 2025, 20:30 – 1 Jan 2026, 00:30",London,"Le Comedy Store, 1a Oxendon St, Londres","Le Comedy Store, 1a Oxendon St, Londres",https://london.thecomedystore.co.uk/event/nye-2025,"A voir en 2026 au Comedy Store !Rejoignez-nous le soir du Nouvel An pour une incroyable soirée de comédie et de musique.Avec MC Thanyia Moore, Marcus Brigstocke, Paul Thorne, Finlay Christie et Tom Ward Notre...",2025-12-31T20:30:00,2026-01-01T00:30:00,31.0,12.0,2025.0,20.0,0.0,,,4.0,concerts
SerpApi,concerts,"Cirque Du Soul : Londres // NOUVEAU // Yung Singh, Todd Edwards, MiNNA","31 Dec 2025, 21:00 – 1 Jan 2026, 00:00",London,"Troxy, 490 Commercial Rd, Londres","Troxy, 490 Commercial Rd, Londres",https://www.designmynight.com/london/clubs/wapping/troxy/cirque-du-soul-london-new-years-eve-headliner-tba-todd-edwards-minna,Entrez et plongez dans le monde du Cirque Du Soul alors que nous envahissons le légendaire Troxy de Londres pour notre plus grande fête de l'année.Rejoignez des milliers de fêtards partageant les mêmes idées pour le nouveau...,2025-12-31T21:00:00,2026-01-01T00:00:00,31.0,12.0,2025.0,21.0,0.0,51.5127533,-0.043995,3.0,concerts
SerpApi,concerts,Space Ibiza - Festival du Nouvel An,"31 Dec 2025, 16:00 – 1 Jan 2026, 04:00",London,"Entrepôt Eutopia, 42 River Rd., Barking","Entrepôt Eutopia, 42 River Rd., Barking",https://touchlocal.evvnt.com/?_evDiscoveryPath=/event/1037005832n-booka-shade,"SPACE NYE @ Eutopia Warehouse Booka Shade LIVE Dense & Pika Fat Tony James Zabiela Solardo Booka Shade – Biographie : Le duo allemand emblématique Booka Shade, alias Walter Merziger et Arno Kammermeier, a...",2025-12-31T16:00:00,2026-01-01T04:00:00,31.0,12.0,2025.0,16.0,4.0,,,12.0,concerts
SerpApi,concerts,"Réveillon du Nouvel An avec Gilles Peterson, Aqwea et COLECTIVA","31 Dec 2025, 22:00 – 1 Jan 2026, 02:00",London,"The Standard, Londres, 10 Argyle St, Londres","The Standard, Londres, 10 Argyle St, Londres",https://www.standardhotels.com/london/happenings/nye-thestandard-london,NYE ON THE 10TH FLOOR BILLET DE DANSE DÎNER ET DANSE (ASSISE TÔT) DÎNER ET DANSE (ASSISE TARD)DÉCIMOGilles Peterson |AQWEA |ColectivaMercredi 31 décembre de 22h à 2hEntrez en 2026 avec un...,2025-12-31T22:00:00,2026-01-01T02:00:00,31.0,12.0,2025.0,22.0,2.0,,,4.0,concerts
SerpApi,concerts,E I S B Æ R Berlin – Nouvelle Vague & Post-Punk,"2. Jan. 2026, 23:00 – 3. Jan. 2026, 05:00",Berlin,"Club privé, Skalitzer Str. 85-86, Berlin","Club privé, Skalitzer Str. 85-86, Berlin",https://rausgegangen.de/events/e-i-s-b-r-berlin-new-wave-postpunk-mit-eavo-im-privatclub-8/,"Vous pouvez vous attendre à un ensemble animé de new wave et de post-punk dans toutes ses variétés.Parfois plus pop, parfois plus sombre - parfois avec des guitares, parfois avec des synthés. Once : A Flock of Seagulls - Downwards - Alien Sex...",2026-01-02T23:00:00,2026-01-03T05:00:00,2.0,1.0,2026.0,23.0,5.0,,,6.0,concerts
SerpApi,concerts,Swing du Nouvel An - Andrej Hermlin et son Swing Dance Orchestra,"Do., 1. Jan., 15:00–16:00 Uhr",Berlin,"Salle de musique de chambre - Berlin, Herbert-von-Karajan-Straße 1, Berlin","Salle de musique de chambre - Berlin, Herbert-von-Karajan-Straße 1, Berlin",https://www.visitberlin.de/de/event/neujahrskonzert-beethovens-symphonie-nr-9,"Le concert du Nouvel An avec la Symphonie n°9 de Beethoven vous invite à un début d'année festif à la Philharmonie de Berlin.Avec l'Orchestre Symphonique de Berlin, vous entendrez les célèbres sons de...",2025-01-01T15:00:00,2025-12-31T16:00:00,1.0,1.0,2025.0,15.0,16.0,,,8737.0,concerts
SerpApi,concerts,Berliner Vocaphoniker - Les années 20 dorées,"Fr., 2. Jan., 20:00–21:00 Uhr",Berlin,"Salle de musique de chambre - Berlin, Herbert-von-Karajan-Straße 1, Berlin","Salle de musique de chambre - Berlin, Herbert-von-Karajan-Straße 1, Berlin",https://www.adticket.de/Familienkonzert-ELFENTANZ-UND-TROLLGETOeSE-DER-KLANG-DES-NORDENS-Premiere/Berlin-Philharmonie-Kammermusiksaal/03-01-2026_15-30.html,Spectacle invité par la Philharmonie germano-scandinave de la jeunesse : 70 jeunes musiciens de 25 pays du monde jouent pour les enfants et leurs parents/grands-parents - une ambiance animée et...,2025-01-02T20:00:00,2025-12-31T21:00:00,2.0,1.0,2025.0,20.0,21.0,,,8713.0,concerts
SerpApi,concerts,Erobique,"1. Jan. 2026, 21:00 – 2. Jan. 2026, 01:00",Berlin,"Salle des fêtes de Kreuzberg, Am Flutgraben 2, Berlin","Salle des fêtes de Kreuzberg, Am Flutgraben 2, Berlin",https://www.viagogo.ch/Konzert-Tickets/Mehr-Konzerte/Erobique-Karten/E-158462918,Offre de billets pour Erobique - Fête du Nouvel An au Festsaal Kreuzberg à Berlin le 1er janvier 2026,2026-01-01T21:00:00,2026-01-02T01:00:00,1.0,1.0,2026.0,21.0,1.0,,,4.0,concerts
SerpApi,concerts,La fin sombre,"31. Dez. 2025, 21:00 – 1. Jan. 2026, 05:00",Berlin,"Pferdesportpark Berlin Karlshorst, Treskowallee 159, Berlin","Pferdesportpark Berlin Karlshorst, Treskowallee 159, Berlin",https://www.twenty-four-hours.info/events/the-dark-end-silvester/,The Dark End - Fête du Nouvel An 2025 à Berlin-Karlshorst - tous styles de musique sombre.Infos et billets : https://dark-elektro-devil.de/event/the-dark-end-2025/,,,,,,,,,,,concerts
SerpApi,concerts,WE Party Festival du Nouvel An 2025/26,"30 dic 2025, 19:00 – 3 ene 2026, 9:00",Madrid,"D´Madrí, P.º de la Chopera, 3, Madrid","D´Madrí, P.º de la Chopera, 3, Madrid",https://www.ticketswap.es/event/we-party-new-year-festival-2025-26/05117a86-c5c6-48b9-9329-5ca16d45c23d,"Achat et vente de billets pour le festival du Nouvel An WE Party 2025/26 |Madrid, Madrid |Mardi 30 décembre, 19h00 TicketSwap, le marché de revente de confiance.",,,,,,,,,,,concerts
SerpApi,concerts,PROFITEZ DU Festival,"jue, 1 ene, 0:00–19:00",Madrid,"FABRIK, Av. de la Industria, 82, Humanes de Madrid","FABRIK, Av. de la Industria, 82, Humanes de Madrid",https://feverup.com/m/459113,"De quoi allez-vous profiter 🎵 La fête du Nouvel An la plus attendue, avec plus de 13 heures de musique non-stop 🍾 Marco Carola et Paco Osuna avec un line-up qui vous fera commencer 2026 en beauté ⚡ Le...",2025-12-01T00:00:00,2025-12-31T19:00:00,1.0,12.0,2025.0,0.0,19.0,,,739.0,concerts
SerpApi,concerts,histoire d'éviscération,"sáb, 3 ene, 19:00–23:00",Madrid,"Movistar Arena, Av. de Felipe II, s/n, Madrid","Movistar Arena, Av. de Felipe II, s/n, Madrid",https://www.timeout.es/madrid/es/ninos/destripando-la-historia,"Pascu et Rodri, le duo créatif derrière la chaîne à succès Destripando La Historia, reviennent sur scène avec 'El Amanecer de los Dioses', un spectacle de comédie et de musique à voir sur...",2025-12-03T19:00:00,2025-12-31T23:00:00,3.0,12.0,2025.0,19.0,23.0,,,676.0,concerts
SerpApi,concerts,Ariel Rot - Inverfest Madrid,"8 ene 2026, 20:30 – 9 ene 2026, 1:00",Madrid,"C. del Arenal, 11, Madrid","C. del Arenal, 11, Madrid",https://inverfest.com/events/ariel-rot/,"Ariel Rot est un guitariste, chanteur, auteur-compositeur et producteur de musique rock et blues.Il a fait partie de deux des groupes les plus importants de la musique espagnole : Tequila et plus tard Los...",2026-08-31T20:30:00,2026-09-30T01:00:00,31.0,8.0,2026.0,20.0,1.0,40.4171669,-3.7065415,700.5,concerts
SerpApi,concerts,LUZ CASAL - INVERFEST 2026,"17 ene 2026, 20:30 – 18 ene 2026, 0:30",Madrid,"Movistar Arena, Av. de Felipe II, s/n, Madrid","Movistar Arena, Av. de Felipe II, s/n, Madrid",https://www.timeout.es/madrid/es/musica/luz-casal-1,"Luz Casal est une légende de notre musique.La chanteuse galicienne se produit à Madrid dans le cadre du programme de concerts de l'Inverfest, une soirée au cours de laquelle elle présentera les chansons de son nouveau...",,,,,,,,,,,concerts
SerpApi,concerts,Fête du Nouvel An au Vieux Théâtre,"31 dic 2025, 23:59 – 1 ene 2026, 6:00",Barcelone,"LAUT, Rue de la Ville et du Village, 63, Barcelone","LAUT, Rue de la Ville et du Village, 63, Barcelone",https://ra.co/events/2298493,"Cette fin d'année, LAUT se lance dans un voyage musical guidé par Pépe, un producteur et DJ valencien qui s'est imposé comme l'un des joyaux les plus brillants de la musique électronique nationale, avec un talent...",,,,,,,,,,,concerts
SerpApi,concerts,Réveillon du Nouvel An NYE 2025,"31 dic 2025, 23:59 – 1 ene 2026, 6:00",Barcelone,"Slow Barcelone, ​​Barcelone, ​​Barcelone","Slow Barcelone, ​​Barcelone, ​​Barcelone",https://www.slowbarcelona.es/events/noche-vieja-nye-2025/,"Réveillon du Nouvel An, mercredi 31 décembre 2025, réveillon du Nouvel An. Slow ouvrira ses portes après les raisins à 00h30 jusqu'à l'aube.Avec le professeur des professeurs Frankie G, Navider alias...",,,,,,,,41.4792267,2.0697261,,concerts
SerpApi,concerts,"THROWBACK NYE 2025 – Retour aux années 80, 90 et 00","31 dic 2025, 23:59 – 1 ene 2026, 6:00",Barcelone,"SLS Barcelone, ​​Port Forum, Carrer de la Pau, 2, Barcelone","SLS Barcelone, ​​Port Forum, Carrer de la Pau, 2, Barcelone",https://www.eventbrite.es/e/throwback-nye-2025-back-to-80s-90s-00s-tickets-1968970928049,"Dites au revoir à 2025 comme il le mérite : avec une explosion de nostalgie, de rythme et de bonne énergie.La marque Throwback est de retour avec sa légendaire soirée du Nouvel An, cette fois au spectaculaire et...",,,,,,,,,,,concerts
SerpApi,concerts,HOPE à Noxe (26ème étage W Barcelone),"1 ene 2026, 22:00 – 2 ene 2026, 2:00",Barcelone,"Nuit, W Barcelona, ​​​​Place de la Rose des Vents, 1, Barcelone","Nuit, W Barcelona, ​​​​Place de la Rose des Vents, 1, Barcelone",https://dice.fm/event/l8oy7w-free-guest-list-hope-26th-floor-w-barcelona-1st-jan-hotel-w-noxe-barcelona-tickets?lng=es,"Préparez-vous pour une nuit épique avec HOPE au 26ème étage du W Hotel !Rejoignez-nous pour une soirée pleine d'énergie positive, de bonne musique et de vues impressionnantes sur Barcelone.Il est temps de...",2026-01-31T22:00:00,2026-02-28T02:00:00,31.0,1.0,2026.0,22.0,2.0,,,652.0,concerts
SerpApi,concerts,Entrée Pres Nye avec Miss Kittin,"31 dic 2025, 23:59 – 1 ene 2026, 6:00",Barcelone,"Entrée - Club de Danse Haute Fidélité, Av. de Francesc Ferrer i Guàrdia, 13, Barcelone","Entrée - Club de Danse Haute Fidélité, Av. de Francesc Ferrer i Guàrdia, 13, Barcelone",https://shotgun.live/es/events/input-pres-nye-with-miss-kittin,"Billets pour Input Pres Nye With Miss Kittin à Barcelone, Espagne – 31 décembre 2025",,,,,,,,,,,concerts
SerpApi,concerts,Aleke Alpermann & Lucas Blondeel - violoncelle et piano marteau,"So., 4. Jan., 16:00–17:00 Uhr",Berlin,"Monument Schiller, Gendarmenmarkt, Berlin","Monument Schiller, Gendarmenmarkt, Berlin",https://www.berlin.de/en/tickets/classical-music/aleke-alpermann-lucas-blondeel/2026-01-04-n-a-db10ef64-306b-4083-a6ea-234f28b6d031/,Dimanche 04 janvier 2026 16h00 • Konzerthaus Berlin - Kleiner Saal • Aleke Alpermann & Lucas Blondeel.Plus de dates et d'informations dans le calendrier des événements du portail de la ville,2025-01-04T16:00:00,2025-12-31T17:00:00,4.0,1.0,2025.0,16.0,17.0,52.5136361,13.3926475,8665.0,konzerte
SerpApi,concerts,Un après-midi avec Klaus Hoffmann,"Mi., 31. Dez., 15:00–18:00 Uhr",Berlin,"Comédie sur le Kurfürstendamm dans la Ernst-Reuter-Saal, Eichborndamm 213, Berlin","Comédie sur le Kurfürstendamm dans la Ernst-Reuter-Saal, Eichborndamm 213, Berlin",https://rausgegangen.de/events/ein-nachmittag-mit-klaus-hoffmann-klaus-hoffmann-singt-aus-s-0/,"Fin 2025, Klaus Hoffmann et son pianiste Hawo Bleich vous invitent au concert déjà établi du réveillon du Nouvel An dans la comédie, cette fois dans la salle Ernst Reuter.Le chanteur a...",2025-12-31T15:00:00,2025-12-31T18:00:00,31.0,12.0,2025.0,15.0,18.0,,,3.0,konzerte
SerpApi,concerts,Le Ténor Noir - Concert du Nouvel An,"Di., 6. Jan., 20:00–21:00 Uhr",Berlin,"Institut national de recherche musicale, Ben-Gurion-Straße 1, Berlin","Institut national de recherche musicale, Ben-Gurion-Straße 1, Berlin",https://www.visitberlin.de/de/event/dark-tenor-neujahrskonzert,"Pour la troisième fois, Billy Andrews, mieux connu sous le nom de Dark Tenor, se produira dans cette salle de concert emblématique.Ses racines musicales au Kreuzchor de Dresde et au Semperoper façonnent son...",2025-01-06T20:00:00,2025-12-31T21:00:00,6.0,1.0,2025.0,20.0,21.0,,,8617.0,konzerte
SerpApi,expositions,Journée d'action au Musée Ephraim-Palais,"So., 4. Jan., 10:00–18:00 Uhr",Berlin,"Musée Ephraim-Palais, Poststrasse 16, Berlin","Musée Ephraim-Palais, Poststrasse 16, Berlin",https://www.stadtmuseum.de/veranstaltungen/aktionstag-im-museum-ephraim-palais,"En route pour « Dimanche au Nikolaiviertel » !Un programme haut en couleur vous attend le jour de l'action.L'entrée est gratuite pour les enfants, les jeunes et bien d'autres.",2025-01-04T10:00:00,2025-12-31T18:00:00,4.0,1.0,2025.0,10.0,18.0,,,8672.0,ausstellungen
SerpApi,expositions,"AfterWork avec karaoké – musique, boissons et visites guidées de l'exposition","Do., 22. Jan., 18:00–22:00 Uhr",Berlin,"PalaisPopulaire, Unter den Linden 5, Berlin","PalaisPopulaire, Unter den Linden 5, Berlin",https://www.berlin.de/en/tickets/miscellaneous/afterwork-with-karaoke/2026-01-22-n-a-5037a53a-2978-4cbe-870e-feaa8211829c/,Jeudi 22/janvier/2026 18h00• PalaisPopulaire • AfterWork avec Karaoké.Plus de dates et d'informations dans le calendrier des événements du portail de la ville,2025-01-22T18:00:00,2025-12-31T22:00:00,22.0,1.0,2025.0,18.0,22.0,52.5171465,13.3961451,8236.0,ausstellungen
SerpApi,expositions,En tandem à travers l’exposition avec Michael Hagner et Julia Voss sur le thème « Idéologie »,"Mi., 14. Jan., 18:30–20:00 Uhr",Berlin,"Musée historique allemand, Unter den Linden 2, Berlin","Musée historique allemand, Unter den Linden 2, Berlin",https://www.visitberlin.de/en/event/tandem-through-exhibition-michael-hagner-and-julia-voss-subject-ideology,"Tout au long de l’histoire, des intérêts changeants ont influencé, guidé et manipulé la relation à la « nature ».Michael Hagner et Julia Voss savent où ils se complètent ou se contredisent et...",2025-01-14T18:30:00,2025-12-31T20:00:00,14.0,1.0,2025.0,18.0,20.0,52.5177477,13.3970225,8425.5,ausstellungen
SerpApi,expositions,Sur des sentiers inexplorés.Georg Schweinfurth et son importance... – Visite du conservateur,"Di., 6. Jan., 17:00–17:45 Uhr",Berlin,"Nouveau musée, Bodestraße 1-3, Berlin","Nouveau musée, Bodestraße 1-3, Berlin",https://www.visitberlin.de/de/event/auf-unbetretenen-wegen-georg-schweinfurth-und-die-aegyptologie,"A l'occasion du 100e anniversaire de sa mort, une exposition au Nouveau Musée est consacrée au chercheur et botaniste africain Georg Schweinfurth.",2025-01-06T17:00:00,2025-12-31T17:45:00,6.0,1.0,2025.0,17.0,17.0,,,8616.75,ausstellungen
SerpApi,expositions,Maison de Noël –,"Do., 1. Jan., 12:00–18:00 Uhr",Berlin,"Musée Knoblauchhaus, Poststrasse 23, Berlin","Musée Knoblauchhaus, Poststrasse 23, Berlin",https://www.berlin.de/tickets/ausstellungen/weihnachtshaus/2026-01-01-n-a-6accb133-0e72-4b6d-849b-6bb0ed2600ea/,"Jeudi 1er janvier 2026, 12h00 • Musée de la Maison de l'Ail. • Maison de Noël.D'autres dates et informations peuvent être trouvées dans le calendrier des événements du portail",2025-01-01T12:00:00,2025-12-31T18:00:00,1.0,1.0,2025.0,12.0,18.0,,,8742.0,ausstellungen
SerpApi,remarqué,Marché aux puces Arkonaplatz Berlin,"So., 4. Jan., 10:00–16:00 Uhr",Berlin,"Marché hebdomadaire Arkonaplatz, Arkonapl., Berlin","Marché hebdomadaire Arkonaplatz, Arkonapl., Berlin",https://www.berliner-freizeit-tipps.de/veranstaltung/troedelmarkt-arkonaplatz-berlin/2026-01-04/,Le marché aux puces de l'Arkona Platz est l'un des marchés aux puces les plus populaires de Berlin.Ici vous trouverez de vraies cochonneries.Le marché est ouvert tous les dimanches et si vous ne trouvez pas votre bonheur ici...,2025-01-04T10:00:00,2025-12-31T16:00:00,4.0,1.0,2025.0,10.0,16.0,,,8670.0,märkte
SerpApi,remarqué,Marché aux puces Arkonaplatz Berlin,"So., 11. Jan., 10:00–16:00 Uhr",Berlin,"Marché hebdomadaire Arkonaplatz, Arkonapl., Berlin","Marché hebdomadaire Arkonaplatz, Arkonapl., Berlin",https://www.berliner-freizeit-tipps.de/veranstaltung/troedelmarkt-arkonaplatz-berlin/2026-01-11/,Le marché aux puces de l'Arkona Platz est l'un des marchés aux puces les plus populaires de Berlin.Ici vous trouverez de vraies cochonneries.Le marché est ouvert tous les dimanches et si vous ne trouvez pas votre bonheur ici...,2025-01-11T10:00:00,2025-12-31T16:00:00,11.0,1.0,2025.0,10.0,16.0,,,8502.0,märkte
SerpApi,remarqué,MARCHÉ AUX PUCES DE NUIT,"14. Jan. 2026, 20:00 – 15. Jan. 2026, 00:00",Berlin,"SO 36, Oranienstrasse 190, Berlin","SO 36, Oranienstrasse 190, Berlin",https://www.so36.com/produkte/91139-tickets-nachtflohmarkt-so36-berlin-am-14-01-2026,"🪩🛒 LE MARCHÉ AUX PUCES NOCTURNE EST DE RETOUR 🛒🪩Enfin, le marché aux puces nocturne à nouveau dans le légendaire SO36.Vous aimez aller aux marchés aux puces à Berlin, mais préférez-vous dormir tard le week-end ?Dès 20h, SO36 vous invite à...",2026-01-14T20:00:00,2026-01-15T00:00:00,14.0,1.0,2026.0,20.0,0.0,52.5061512,13.4016625,4.0,märkte
SerpApi,remarqué,Marché d'art et aux puces à Mauerpark,"So., 4. Jan., 10:00–18:00 Uhr",Berlin,"Marché aux puces Mauerpark, Bernauer Str., Berlin","Marché aux puces Mauerpark, Bernauer Str., Berlin",https://www.berliner-freizeit-tipps.de/veranstaltung/kunst-und-troedelmarkt-im-mauerpark/2026-01-04/,"Un mélange coloré d'ancien et de nouveau, de produits artisanaux et culinaires vous attend au marché.Parcourez les étals du rayon brocante, où vous êtes assuré de dénicher un ou deux trésors...",2025-01-04T10:00:00,2025-12-31T18:00:00,4.0,1.0,2025.0,10.0,18.0,,,8672.0,märkte
SerpApi,remarqué,Marché aux puces Arkonaplatz Berlin,"So., 1. März, 10:00–16:00 Uhr",Berlin,"Marché hebdomadaire Arkonaplatz, Arkonapl., Berlin","Marché hebdomadaire Arkonaplatz, Arkonapl., Berlin",https://www.berliner-freizeit-tipps.de/veranstaltung/troedelmarkt-arkonaplatz-berlin/2026-03-01/,Le marché aux puces de l'Arkona Platz est l'un des marchés aux puces les plus populaires de Berlin.Ici vous trouverez de vraies cochonneries.Le marché est ouvert tous les dimanches et si vous ne trouvez pas votre bonheur ici...,2025-12-01T10:00:00,2025-12-31T16:00:00,1.0,12.0,2025.0,10.0,16.0,,,726.0,märkte
SerpApi,fêtes,PladeLu-Festival Berlin,"Sa., 10. Jan., 17:00–19:00 Uhr",Berlin,"Columbiahalle, Columbiadamm 13-21, Berlin","Columbiahalle, Columbiadamm 13-21, Berlin",https://www.koelnticket.de/artist/lorena/,"Le festival rock & metal à la Columbiahalle Berlin !Avec OOMPH !, LORENA, KAIZER, MY INNER CIRCLE et DYERS FINCH.",2025-01-10T17:00:00,2025-12-31T19:00:00,10.0,1.0,2025.0,17.0,19.0,,,8522.0,festivals
SerpApi,fêtes,HEISSS x Home Again // NYE,"31. Dez. 2025, 22:00 – 2. Jan. 2026, 06:00",Berlin,"Ancienne Monnaie, Molkenmarkt 31, Berlin","Ancienne Monnaie, Molkenmarkt 31, Berlin",https://www.visitberlin.de/de/event/berlins-groesste-house-techno-silvesterparty,Marathon House & Techno du Nouvel An à la Monnaie,,,,,,,,,,,festivals
SerpApi,fêtes,Le VIH est le,"30. Dez. 2025, 22:00 – 2. Jan. 2026, 08:00",Berlin,"DSTRKT Club Berlin, Storkower Str. 123, Berlin","DSTRKT Club Berlin, Storkower Str. 123, Berlin",https://rausgegangen.de/en/events/hive-nye-2026-lee-ann-roberts-charlie-sparks-nicolas-julian--0/,"Une rave NYE imparable par HIVE !2 salles - DSTRKT × STROBE - Storkower Str, 121 & 123 40+ artistes.33+ heures.Techno dure, rebondissante et industrielle pour lancer 2026.Line-Up:2HOT2PLAY 3LEEZA Alex...",,,,,,,,,,,festivals
SerpApi,fêtes,FESTIVAL DE MAGIE DE BERLIN,"11. Jan. 2026, 15:00 – 12. Jan. 2026, 05:00",Berlin,"Port d'attache Neukölln, Karl-Marx-Straße 141, Berlin","Port d'attache Neukölln, Karl-Marx-Straße 141, Berlin",https://rausgegangen.de/en/events/berlin-magic-festival-6/,"Berlin sera encore plus magique !Avec le Berlin Magic Festival, un format est créé pour la première fois dans le port d'attache de Neukölln, qui montrera pendant quatre jours la diversité et la fascination de la magie moderne...",2026-01-11T15:00:00,2026-01-12T05:00:00,11.0,1.0,2026.0,15.0,5.0,,,14.0,festivals
SerpApi,théâtre,Spectacle du Nouvel An avec champagne de bienvenue et p...,"Mi., 31. Dez., 14:00–15:00 Uhr",Berlin,"Théâtre am Frankfurter Tor, Karl-Marx-Allee 133, Berlin","Théâtre am Frankfurter Tor, Karl-Marx-Allee 133, Berlin",https://www.berlin-buehnen.de/de/spielplan/was-ganze-theater-2/events/340917/,"Une soirée humoristique avec des chansons de Jacques Brel avec Johannes Hallervorden & Marten Sand Deux acteurs et chansonniers sont réservés pour une représentation, alors qu'ils auraient autrement leur soirée chanson...",2025-12-31T14:00:00,2025-12-31T15:00:00,31.0,12.0,2025.0,14.0,15.0,52.5166374,13.4508762,1.0,theater
SerpApi,théâtre,Le dîner,30. Dez. 2025 – 3. Jan. 2026,Berlin,"Théâtre allemand de Berlin, Schumannstrasse 13A, Berlin","Théâtre allemand de Berlin, Schumannstrasse 13A, Berlin",https://www.visitberlin.de/de/event/das-dinner,Que feriez-vous si vous étiez sur le point de devenir Premier ministre du pays et que vous découvriez soudainement un crime que votre fils adolescent a commis avec son cousin...,,,,,,,,,,,theater
SerpApi,théâtre,Dîner pour un,"Mi., 31. Dez., 15:30–16:15 Uhr",Berlin,"Usine de pain Berlin, Caligaripl.1, Berlin","Usine de pain Berlin, Caligaripl.1, Berlin",https://www.koelnticket.de/event/dinner-for-one-pfefferberg-theater-pfefferberg-theater-19853759/,"Grâce à une liste d'attente et à une alarme de tickets, nous vous informerons dès que des billets ou de nouvelles dates seront disponibles pour le Théâtre Pfefferberg.Avec les nouvelles de Kölnticket, vous devenez encore plus excitant...",2025-12-31T15:30:00,2025-12-31T16:15:00,31.0,12.0,2025.0,15.0,16.0,,,0.75,theater
SerpApi,théâtre,Tout simplement la fin du monde - Deutsches Theater Berlin,"So., 4. Jan., 19:00",Berlin,"Théâtre allemand de Berlin, Schumannstrasse 13A, Berlin","Théâtre allemand de Berlin, Schumannstrasse 13A, Berlin",https://www.berlin-buehnen.de/de/spielplan/einfach-ende-welt-2/events/354608/,"Après douze ans, un jeune homme retourne dans sa famille.Pendant ce temps, il n'a laissé personne entendre parler de lui tout en s'établissant avec succès comme artiste dans la grande ville et...",2025-01-04T19:00:00,,4.0,1.0,2025.0,19.0,,,,,theater
SerpApi,théâtre,Laissez-les manger le chaos,28. Dez. 2025 – 25. Jan. 2026,Berlin,"Kammerspiele, Schumannstrasse 13 a, Berlin","Kammerspiele, Schumannstrasse 13 a, Berlin",https://www.visitberlin.de/de/event/let-them-eat-chaos,"Let Them Eat Chaos est un long poème et le deuxième album studio du poète et artiste de création parlée britannique Kae Tempest.Dans une composition dense et lyrique, Tempête...",,,,,,,,,,,theater
SerpApi,spectacles de danse,Danceperados d'Irlande - Tournée Hooked,"So., 25. Jan., 19:30–22:30 Uhr",Berlin,"Admiralspalast, bâtiment avant, Friedrichstrasse 101, Berlin","Admiralspalast, bâtiment avant, Friedrichstrasse 101, Berlin",https://www.visitberlin.de/de/event/danceperados-ireland-hooked-tour,"Le nom même de Danceperados of Ireland symbolise l'enthousiasme de l'ensemble pour les claquettes irlandaises.Traduit librement, ce sont « The Dance Wives ».Oui, les Irlandais savent danser...",2025-01-25T19:30:00,2025-12-31T22:30:00,25.0,1.0,2025.0,19.0,22.0,,,8163.0,tanzshows
SerpApi,spectacles de danse,Seigneur de la danse,"Fr., 24. Apr., 19:00–22:00 Uhr",Berlin,"Tempodrom, Möckernstraße 10, Berlin","Tempodrom, Möckernstraße 10, Berlin",https://cityguide-rhein-neckar.de/event/lord-of-the-dance-tour-2026-11/,"Ce spectacle époustouflant, palpitant et magique a déjà enthousiasmé plus de 60 millions de personnes dans 60 pays sur tous les continents.Le 30e anniversaire n'est pas seulement une occasion de célébrer...",2025-04-24T19:00:00,2025-12-31T22:00:00,24.0,4.0,2025.0,19.0,22.0,,,6027.0,tanzshows
SerpApi,spectacles de danse,Ballet des Lumières : Cendrillon dans un spectacle radieux,"Fr., 10. Apr., 20:30–21:30 Uhr",Berlin,"Théâtre à Delphes, Gustav-Adolf-Straße 2, Berlin","Théâtre à Delphes, Gustav-Adolf-Straße 2, Berlin",https://www.berlin-buehnen.de/de/spielplan/ballet-of-lights-cinderella-2/events/355340/,"Le conte de fées classique rencontre le ballet moderne - avec des costumes lumineux, un éclairage impressionnant et un spectacle qui redéfinit la magie.Cendrillon comme un ballet radieux montre un nouveau...",2025-04-10T20:30:00,2025-12-31T21:30:00,10.0,4.0,2025.0,20.0,21.0,,,6361.0,tanzshows
SerpApi,spectacles de danse,DANSE AVEC QUELQU'UN - Édition spéciale « Be my Valentine »,"Sa., 14. Feb., 20:00–22:00 Uhr",Berlin,"The Brat - Berlin Friedrichshain, Palisadenstrasse 48, Berlin","The Brat - Berlin Friedrichshain, Palisadenstrasse 48, Berlin",https://rausgegangen.de/en/events/dance-with-somebody-4/,"DANCE WITH SOMEBODY - Édition spéciale « Be my Valentine » Après une première réussie, DANCE WITH SOMEBODY arrive enfin à Berlin.Et pas seulement comme ça, mais directement avec un...",2025-02-14T20:00:00,2025-12-31T22:00:00,14.0,2.0,2025.0,20.0,22.0,,,7682.0,tanzshows
SerpApi,spectacles de danse,Fête du Nouvel An,"Sa., 3. Jan.",Berlin,"École de danse Swing & Move, Riesaer Str. 102/Aufgang 102 B, Berlin","École de danse Swing & Move, Riesaer Str. 102/Aufgang 102 B, Berlin",https://yourballroom.dance/events/neujahrsparty/,Danser avec glamour pour la nouvelle année - avec Vanessa & Aleks Nous - Vanessa & Aleksej - avons vraiment hâte de danser avec style pour la nouvelle année avec vous le samedi 3 janvier 2026. Depuis que nous avons emménagé à...,2025-01-03T00:00:00,,3.0,1.0,2025.0,0.0,,,,,tanzshows
SerpApi,oper,Swingin'26 - Gala du Nouvel An du Big Band,"Do., 1. Jan., 19:30–20:30 Uhr",Berlin,"Opéra allemand,","Opéra allemand,",https://rausgegangen.de/en/events/swingin-26-0/,Swingin` 26 le 1er janvier 2026 à Berlin ► Toutes les infos sur Got out !,2025-01-01T19:30:00,2025-12-31T20:30:00,1.0,1.0,2025.0,19.0,20.0,,,8737.0,oper
SerpApi,oper,Hansel et Gretel,"Fr., 2. Jan., 17:00–20:00 Uhr",Berlin,"Opéra allemand de Berlin, Bismarckstrasse 35, Berlin","Opéra allemand de Berlin, Bismarckstrasse 35, Berlin",https://www.visitberlin.de/de/event/haensel-und-gretel-0,Hansel et Gretel au Deutsche Oper Berlin : l'opéra de conte de fées de Humperdinck pour les enfants à partir de 8 ans - avec une musique magique et une mise en scène imaginative d'Andreas Homoki.,2025-01-02T17:00:00,2025-12-31T20:00:00,2.0,1.0,2025.0,17.0,20.0,,,8715.0,oper
SerpApi,oper,La Cage aux Folles,"Mi., 31. Dez., 14:00–17:15 Uhr",Berlin,"Komische Oper Berlin @Schillertheater, Bismarckstraße 110, Berlin","Komische Oper Berlin @Schillertheater, Bismarckstraße 110, Berlin",https://www.berlin-buehnen.de/de/spielplan/la-cage-aux-folles/events/338375/,Un cri de libération résonne de Broadway à Londres et Berlin en 1983 et annonce le triomphe d'une comédie musicale qui célèbre le droit à une vie colorée au-delà de la mesquinerie...,2025-12-31T14:00:00,2025-12-31T17:15:00,31.0,12.0,2025.0,14.0,17.0,,,3.25,oper
SerpApi,oper,Matthieu le fait,"Do., 1. Jan., 18:00–20:00 Uhr",Berlin,"Komische Oper Berlin @Schillertheater, Bismarckstraße 110, Berlin","Komische Oper Berlin @Schillertheater, Bismarckstraße 110, Berlin",https://www.komische-oper-berlin.de/magazin/matthes-machts-neue-chancen-neues-glueck/,Matthes le fait - c'est le nom du concert du Nouvel An organisé par l'acteur Ulrich Matthes pour le Komische Oper Berlin.Du concerto pour piano palpitant de Gershwin au concerto pour piano d'Arvo Pärt...,2025-01-01T18:00:00,2025-12-31T20:00:00,1.0,1.0,2025.0,18.0,20.0,,,8738.0,oper
SerpApi,oper,La chauve-souris,"31. Dez. 2025, 18:00 – 3. Jan. 2026, 17:00",Berlin,"Opéra allemand de Berlin, Bismarckstrasse 35, Berlin","Opéra allemand de Berlin, Bismarckstrasse 35, Berlin",https://www.berlin-buehnen.de/de/spielplan/die-fledermaus/events/343668/,Entre valse et satire sociale : Villazón met en scène l'opérette comme une promenade bizarre à travers les époques selon la devise « il y a toujours de l'amour et de la trahison »... Direction : Patrick Hahn...,,,,,,,,,,,oper
SerpApi,comédies musicales,Kinky Boots – La comédie musicale,"20. Dez. 2025, 14:30 – 17. Jan. 2026, 00:00",Berlin,"Admiralspalast, bâtiment avant, Friedrichstrasse 101, Berlin","Admiralspalast, bâtiment avant, Friedrichstrasse 101, Berlin",https://berlinmitkind.de/veranstaltungskalender/kinky-boots-the-musical-2025-12-20-2/,"Découvrez la production originale en anglais en direct - La comédie musicale à succès primée de Broadway et du West End, Kinky Boots, revient sur scène dans une toute nouvelle production.Le...",,,,,,,,,,,musicals
SerpApi,comédies musicales,ROMÉO ET JULIETTE - La comédie musicale,"Fr., 2. Jan., 19:30–22:30 Uhr",Berlin,"Scène Théâtre des Westens, Kantstraße 12, Berlin","Scène Théâtre des Westens, Kantstraße 12, Berlin",https://www.berlin-buehnen.de/de/spielplan/romeo-und-julia-das-musical/events/336287/,"Le rêve de transformer « Roméo et Juliette », la plus grande histoire d’amour de tous les temps, en une comédie musicale à part entière a commencé il y a huit ans.Depuis, Peter Plate et Ulf Leo Sommer (actuellement...",2025-01-02T19:30:00,2025-12-31T22:30:00,2.0,1.0,2025.0,19.0,22.0,,,8715.0,musicals
SerpApi,comédies musicales,Kinky Boots – La comédie musicale,"Sa., 3. Jan., 19:30–22:30 Uhr",Berlin,"Admiralspalast, bâtiment avant, Friedrichstrasse 101, Berlin","Admiralspalast, bâtiment avant, Friedrichstrasse 101, Berlin",https://www.berlin-buehnen.de/de/spielplan/kinky-boots-the-musical/events/346543/,"Découvrez la production originale en anglais en direct !La comédie musicale à succès primée de Broadway et du West End, KINKY BOOTS, revient sur scène dans une toute nouvelle production !Le...",2025-01-03T19:30:00,2025-12-31T22:30:00,3.0,1.0,2025.0,19.0,22.0,,,8691.0,musicals
SerpApi,comédies musicales,Kinky Boots – La comédie musicale,"Di., 13. Jan., 19:30–22:30 Uhr",Berlin,"Admiralspalast, bâtiment avant, Friedrichstrasse 101, Berlin","Admiralspalast, bâtiment avant, Friedrichstrasse 101, Berlin",https://www.berlin-buehnen.de/de/spielplan/kinky-boots-the-musical/events/346549/,"Découvrez la production originale en anglais en direct !La comédie musicale à succès primée de Broadway et du West End, KINKY BOOTS, revient sur scène dans une toute nouvelle production !Le...",2025-01-13T19:30:00,2025-12-31T22:30:00,13.0,1.0,2025.0,19.0,22.0,,,8451.0,musicals
SerpApi,comédies musicales,ROMÉO ET JULIETTE - La comédie musicale,"Do., 8. Jan., 19:30–22:30 Uhr",Berlin,"Scène Théâtre des Westens, Kantstraße 12, Berlin","Scène Théâtre des Westens, Kantstraße 12, Berlin",https://www.berlin-buehnen.de/de/spielplan/romeo-und-julia-das-musical/events/336278/,"Le rêve de transformer « Roméo et Juliette », la plus grande histoire d’amour de tous les temps, en une comédie musicale à part entière a commencé il y a huit ans.Depuis, Peter Plate et Ulf Leo Sommer (actuellement...",2025-01-08T19:30:00,2025-12-31T22:30:00,8.0,1.0,2025.0,19.0,22.0,,,8571.0,musicals
SerpApi,mesure,Salon des études et de la formation Stuzubi à Berlin |14/02/26,"Sa., 14. Feb., 10:00–16:00 Uhr",Berlin,"Salle 21, Berlin","Salle 21, Berlin",https://stuzubi.de/messen/berlin/,Le meilleur salon des étudiants et des carrières : Stuzubi |Salon de la formation de Berlin le 14 février 2026 |Foire de Berlin - Hall 21,2025-02-14T10:00:00,2025-12-31T16:00:00,14.0,2.0,2025.0,10.0,16.0,,,7686.0,messen
SerpApi,mesure,Salon de l'éducation des jeunes de Berlin,"Sa., 10. Jan., 10:00–16:00 Uhr",Berlin,"Maison Willy Brandt, Wilhelmstrasse 140, Berlin","Maison Willy Brandt, Wilhelmstrasse 140, Berlin",https://weltweiser.de/jubi-messe-berlin/,"Bougeotte?JuBi Berlin!Le salon des échanges étudiants, work & travel, au pair, année à l'étranger, année sabbatique - comparez les organismes d'échange !Entrée gratuite !",2025-01-10T10:00:00,2025-12-31T16:00:00,10.0,1.0,2025.0,10.0,16.0,,,8526.0,messen
SerpApi,mesure,Vivez Santé Berlin 2026,24.–25. Jan. 2026,Berlin,"Franz-Mehring-Platz 1, Berlin","Franz-Mehring-Platz 1, Berlin",https://www.messen.de/de/18891/berlin/gesundheit-erleben-berlin/info,"Le salon Health ErLEBEN Berlin est le salon de la santé alternative.De nombreux exposants, dont des praticiens alternatifs, des médecins, des thérapeutes et des prestataires de produits alternatifs...",2025-12-24T00:00:00,2026-01-25T00:00:00,24.0,12.0,2025.0,0.0,0.0,52.5131291,13.4407466,768.0,messen
SerpApi,mesure,Salon public de spiritualité et de guérison,"Fr., 13. Feb., 14:00–19:00 Uhr",Berlin,"Logenhaus Berlin, Emser Str. 12-13, Berlin","Logenhaus Berlin, Emser Str. 12-13, Berlin",https://eventfrog.de/de/p/messen/messe/spiritualitaet-heilen-publikumsmesse-7399781205455933193.html,"SPIRITUALITY & Healing est un salon public consacré à la santé et aux sujets spirituels.Dans l'exposition, les visiteurs du salon trouveront de nombreuses offres de produits, de thérapies et de conseils telles que...",2025-02-13T14:00:00,2025-12-31T19:00:00,13.0,2.0,2025.0,14.0,19.0,,,7709.0,messen
SerpApi,mesure,17ème salon de l'emploi de Berlin,"30. Mai 2026, 10:00 – 31. Mai 2026, 17:00",Berlin,"Arena Berlin, Eichenstrasse 4, Berlin","Arena Berlin, Eichenstrasse 4, Berlin",https://www.eventbrite.de/e/17-jobmesse-berlin-tickets-1362616214779,Le rendez-vous du recrutement sur le thème des métiers et des carrières pour toutes les générations et tous les diplômes.Y compris un programme de carrière passionnant !📅 Veuillez noter nos horaires d'ouverture samedi : 10h00 -...,,,,,,,,,,,messen
SerpApi,marchés aux puces,Le marché aux puces de Berlin Straße des 17. Juni,"Sa., 17. Jan., 10:00–16:00 Uhr",Berlin,"Marché aux puces de Berlin, rue.du 17 juin 110, Berlin","Marché aux puces de Berlin, rue.du 17 juin 110, Berlin",https://www.berliner-freizeit-tipps.de/veranstaltung/der-berliner-troedelmarkt-strasse-des-17-juni/2026-01-17/,Le marché aux puces de la Str. des 17.Juni est l'un des marchés aux puces les plus anciens de la ville.Les stands sont disposés sur 3 rangées dans un grand parking.Vous y trouverez du bric-à-brac et...,2025-01-17T10:00:00,2025-12-31T16:00:00,17.0,1.0,2025.0,10.0,16.0,,,8358.0,flohmärkte
SerpApi,marchés aux puces,Marché aux puces de la Marheinekeplatz et de la Bergmannstrasse,"Sa., 3. Jan., 11:00–16:00 Uhr",Berlin,"Marché aux puces de la Marheinekeplatz, Marheinekepl., Berlin","Marché aux puces de la Marheinekeplatz, Marheinekepl., Berlin",https://www.berliner-freizeit-tipps.de/veranstaltung/troedelmarkt-marheinekeplatz-bergmannstrasse/2026-01-03/,"Vous pouvez visiter le marché aux puces de la Marheinekeplatz tous les samedis et dimanches.Ici vous trouverez un mélange sain d’art et de cochonneries.Venez y flâner, nous aimons...",2025-01-03T11:00:00,2025-12-31T16:00:00,3.0,1.0,2025.0,11.0,16.0,,,8693.0,flohmärkte
SerpApi,marchés aux puces,Marché aux puces de la Marheinekeplatz et de la Bergmannstrasse,"Sa., 17. Jan., 11:00–16:00 Uhr",Berlin,"Marché aux puces de la Marheinekeplatz, Marheinekepl., Berlin","Marché aux puces de la Marheinekeplatz, Marheinekepl., Berlin",https://www.berliner-freizeit-tipps.de/veranstaltung/troedelmarkt-marheinekeplatz-bergmannstrasse/2026-01-17/,"Vous pouvez visiter le marché aux puces de la Marheinekeplatz tous les samedis et dimanches.Ici vous trouverez un mélange sain d’art et de cochonneries.Venez y flâner, nous aimons...",2025-01-17T11:00:00,2025-12-31T16:00:00,17.0,1.0,2025.0,11.0,16.0,,,8357.0,flohmärkte
SerpApi,marchés aux puces,Le marché aux puces de Berlin Straße des 17. Juni,"Sa., 3. Jan., 10:00–16:00 Uhr",Berlin,"Marché aux puces de Berlin, rue.du 17 juin 110, Berlin","Marché aux puces de Berlin, rue.du 17 juin 110, Berlin",https://www.berliner-freizeit-tipps.de/veranstaltung/der-berliner-troedelmarkt-strasse-des-17-juni/2026-01-03/,Le marché aux puces de la Str. des 17.Juni est l'un des marchés aux puces les plus anciens de la ville.Les stands sont disposés sur 3 rangées dans un grand parking.Vous y trouverez du bric-à-brac et...,2025-01-03T10:00:00,2025-12-31T16:00:00,3.0,1.0,2025.0,10.0,16.0,,,8694.0,flohmärkte
SerpApi,foires commerciales,Salon de l'éducation des jeunes de Berlin,"Sa., 7. März, 10:00–16:00 Uhr",Berlin,"John-Lennon-Gymnasium, Zehdenicker Str.17, Berlin","John-Lennon-Gymnasium, Zehdenicker Str.17, Berlin",https://weltweiser.de/berlin-jubi-messe/,Bougeotte?JuBi Berlin!Le salon des séjours à l'étranger - comparez les organismes d'échange !Entrée gratuite !,2025-12-07T10:00:00,2025-12-31T16:00:00,7.0,12.0,2025.0,10.0,16.0,,,582.0,fachmessen
SerpApi,foires commerciales,15e Foire de l'emploi de Berlin,"Fr., 20. Feb., 10:00–16:00 Uhr",Berlin,"Stade olympique de Berlin, Place olympique 3, Berlin","Stade olympique de Berlin, Place olympique 3, Berlin",https://www.messen.de/de/22608/berlin/bildungsmesse-berlin/info,"Le Salon de l'éducation de Berlin est une plate-forme d'échange importante entre les employeurs, les prestataires de formation, les institutions d'un large éventail de secteurs et les étudiants, stagiaires...",2025-02-20T10:00:00,2025-12-31T16:00:00,20.0,2.0,2025.0,10.0,16.0,,,7542.0,fachmessen
SerpApi,Marchés de Noël,Marché de Noël dans le quartier d'hiver de Berlin,"Mi., 31. Dez., 15:00–22:00 Uhr",Berlin,"Quartiers d'hiver de Berlin, Modersohnstrasse 35-45, Berlin","Quartiers d'hiver de Berlin, Modersohnstrasse 35-45, Berlin",https://rausgegangen.de/en/events/weihnachtsmarkt-im-winterquartier-berlin-22/,"Célébrez l'hiver dans le haut lieu urbain de Berlin dans un esprit festif de Noël : le NÅPOLEON KOMPLEX.Entre culture industrielle, projets artistiques créatifs et véritable ambiance de grande ville, c'est ici...",2025-12-31T15:00:00,2025-12-31T22:00:00,31.0,12.0,2025.0,15.0,22.0,,,7.0,weihnachtsmärkte
SerpApi,Marchés de Noël,Marché de Noël et monde d'hiver sur la Potsdamer Platz,"Mi., 31. Dez., 11:00–22:00 Uhr",Berlin,"Potsdamer Platz, Berlin","Potsdamer Platz, Berlin",https://rausgegangen.de/en/events/weihnachtsmarkt-und-winterwelt-am-potsdamer-platz-134/,"Luge sur la Potsdamer Platz Contrairement aux marchés de Noël traditionnels, l'univers hivernal de la Potsdamer Platz est également sportif.Un point fort particulier est les 12 mètres de haut et 70...",2025-12-31T11:00:00,2025-12-31T22:00:00,31.0,12.0,2025.0,11.0,22.0,52.5098014,13.3755898,11.0,weihnachtsmärkte
SerpApi,Marchés de Noël,Marché de Noël Lucia dans la Kulturbrauerei Berlin,"4. Dez. 2025, 15:00 – 2. Jan. 2026, 22:00",Berlin,"KulturBrauerei, Schönhauser Allee 36, Berlin","KulturBrauerei, Schönhauser Allee 36, Berlin",https://eventfrog.de/de/p/maerkte/weihnachtsmarkt/lucia-weihnachtsmarkt-in-der-kulturbrauerei-berlin-7386837833481253412.html,"Pour tous ceux qui l'attendent avec impatience, les amoureux des cérémonies d'avant Noël, les admirateurs de Lucia et ceux des mythes nordiques, les lutins et les trolls, les amateurs de communication, les chasseurs de cadeaux de...",2025-04-30T15:00:00,2026-01-02T22:00:00,30.0,4.0,2025.0,15.0,22.0,,,5935.0,weihnachtsmärkte
SerpApi,Marchés de Noël,Marché de Noël Lucia dans la Kulturbrauerei Berlin,"17. Dez. 2025, 15:00 – 14. Jan. 2026, 22:00",Berlin,"KulturBrauerei, Schönhauser Allee 36, Berlin","KulturBrauerei, Schönhauser Allee 36, Berlin",https://eventfrog.de/de/p/maerkte/weihnachtsmarkt/lucia-weihnachtsmarkt-in-der-kulturbrauerei-berlin-7386837835314164394.html,"Pour tous ceux qui l'attendent avec impatience, les amoureux des cérémonies d'avant Noël, les admirateurs de Lucia et ceux des mythes nordiques, les lutins et les trolls, les amateurs de communication, les chasseurs de cadeaux de...",,,,,,,,,,,weihnachtsmärkte
SerpApi,Marchés de Noël,Marché de Noël Lucia dans la Kulturbrauerei Berlin,"7. Dez. 2025, 15:00 – 4. Jan. 2026, 22:00",Berlin,"KulturBrauerei, Schönhauser Allee 36, Berlin","KulturBrauerei, Schönhauser Allee 36, Berlin",https://eventfrog.de/de/p/maerkte/weihnachtsmarkt/lucia-weihnachtsmarkt-in-der-kulturbrauerei-berlin-7386837833737105960.html,"Pour tous ceux qui l'attendent avec impatience, les amoureux des cérémonies d'avant Noël, les admirateurs de Lucia et ceux des mythes nordiques, les lutins et les trolls, les amateurs de communication, les chasseurs de cadeaux de...",2025-07-31T15:00:00,2026-01-04T22:00:00,31.0,7.0,2025.0,15.0,22.0,,,3775.0,weihnachtsmärkte
SerpApi,concerts,CHAMBRE LA RIVIERA - INVERFEST 2026,"3 ene 2026, 21:00 – 4 ene 2026, 0:00",Madrid,"Sala La Riviera, P.º Bajo de la Virgen del Puerto, S/N, Madrid","Sala La Riviera, P.º Bajo de la Virgen del Puerto, S/N, Madrid",https://eata.vivaticket.es/tickets-03-03-we-nyf-2026-main-party,Obtenez vos billets pour le 03.01 WE NYF 2026 MAIN PARTY à La Riviera Madrid maintenant sur Vivaticket,2026-03-31T21:00:00,2026-04-30T00:00:00,31.0,3.0,2026.0,21.0,0.0,,,699.0,conciertos
SerpApi,concerts,Les 69 yeux et D-A-D,"dom, 18 ene, 19:00–22:00",Madrid,"Mon Madrid, C. de Hilarión Eslava, 36 ans, basse, Madrid","Mon Madrid, C. de Hilarión Eslava, 36 ans, basse, Madrid",https://www.viagogo.com/ar/Entradas-Conciertos/Artist/The-69-Eyes-Entradas/E-159079802,Annonces de billets pour The 69 Eyes et D-A-D au Sala Mon Live à Madrid le 18/01/2026,2025-12-18T19:00:00,2025-12-31T22:00:00,18.0,12.0,2025.0,19.0,22.0,,,315.0,conciertos
SerpApi,concerts,Patrick Watson au Théâtre Eslava,"dom, 18 ene, 19:00–23:00",Madrid,"Théâtre Eslava, C. del Arenal, 11, Madrid","Théâtre Eslava, C. del Arenal, 11, Madrid",https://www.timeout.es/madrid/es/musica/patrick-watson,"Le musicien canadien Patrick Watson se produit au Teatro Eslava pour présenter 'Uh Oh', son nouvel album très attendu sorti en septembre 2025. Connu pour sa sensibilité et sa manière particulière...",2025-12-18T19:00:00,2025-12-31T23:00:00,18.0,12.0,2025.0,19.0,23.0,,,316.0,conciertos
SerpApi,expositions,Art Madrid 2026,"4 mar 2026, 0:00 – 8 mar 2026, 0:00",Madrid,"Galerie de Cristal, C. de Montalbán, 1, Madrid","Galerie de Cristal, C. de Montalbán, 1, Madrid",https://www.esmadrid.com/agenda/art-madrid-galeria-de-cristal-palacio-de-cibeles,"La Galerie de Cristal du Palais de Cibeles accueille du 4 au 8 mars 2026 la 21ème édition d'Art Madrid, la foire dédiée à l'art contemporain.Un rendez-vous auquel ils participeront autour...",2026-03-04T00:00:00,2026-03-08T00:00:00,4.0,3.0,2026.0,0.0,0.0,,,96.0,exposiciones
SerpApi,expositions,Billet MDR Expo 2026,2–16 ene 2026,Madrid,"CaixaForum Madrid, P.º del Prado, 36, Madrid","CaixaForum Madrid, P.º del Prado, 36, Madrid",https://agenda.hoymadrid.app/event/mdr-entrada-expo-2026/_2fbaeac2d0e4ce53640dae47354fe5917e1ab3ea2e47006e044e214c53485781,Mdr Entry Expo 2026 est un plan à thème musical dans la catégorie Spectacles et Théâtre qui se tient au Caixaforum Madrid (Madrid).Cliquez sur le bouton plus d'informations ou consulter...,,,,,,,,,,,exposiciones
SerpApi,expositions,Noël au Musée de Cire,"19 dic 2025, 11:30 – 6 ene 2026, 18:30",Madrid,"Musée de Cire, Pl. de Colón, 1, Madrid","Musée de Cire, Pl. de Colón, 1, Madrid",https://dondego.es/madrid/event/exposiciones-navidad-en-el-museo-de-cera/,"Le Musée de Cire devient un monde festif, où les enfants peignent des ballons et des biscuits en pain d'épices, participent à des ateliers et rencontrent Krampus et d'autres personnages de Noël.Du 19...",,,,,,,,,,,exposiciones
SerpApi,expositions,ARCOmadrid,4–8 mar 2026,Madrid,"IFEMA Madrid, Av. del Partenón, 5, Madrid","IFEMA Madrid, Av. del Partenón, 5, Madrid",https://www.ifema.es/arco/madrid,"Bienvenue à ARCOmadrid, foire d'art contemporain organisée à Madrid.Entrez et découvrez toutes les nouveautés de cette année.Participez maintenant !",2025-12-04T00:00:00,2026-03-08T00:00:00,4.0,12.0,2025.0,0.0,0.0,,,2256.0,exposiciones
SerpApi,expositions,SAM - Salon d'Art Moderne 2026,"3 mar 2026, 0:00 – 8 mar 2026, 0:00",Madrid,"Fondation Carlos de Anvers, C. de Claudio Coello, 99, Madrid","Fondation Carlos de Anvers, C. de Claudio Coello, 99, Madrid",https://www.esmadrid.com/agenda/sam-salon-arte-moderno-fundacion-carlos-amberes,Neuvième édition de ce salon spécialisé destiné aux amateurs et collectionneurs d'art (Fondation Carlos de Anvers. mars 2026).,2026-03-03T00:00:00,2026-03-08T00:00:00,3.0,3.0,2026.0,0.0,0.0,,,120.0,exposiciones
SerpApi,marchés,Marché des Rois à El Álamo (Madrid) 2026,4–6 ene 2026,Madrid,"Hôtel de ville d'El Álamo., Pl. de la Constitution, 1, El Álamo","Hôtel de ville d'El Álamo., Pl. de la Constitution, 1, El Álamo",https://agendamedieval.com/tag/el-alamo/,"Les 4 et 5 janvier 2026, le centre d'El Álamo, dans la Communauté de Madrid, devient un authentique point de rencontre de Noël avec la célébration du Marché des Rois, un événement déjà...",2025-12-04T00:00:00,2026-06-30T00:00:00,4.0,12.0,2025.0,0.0,0.0,,,4992.0,mercados
SerpApi,marchés,LEGO® Challenge les 10 et 11 janvier au Motor Market,"10 ene 2026, 11:30 – 11 ene 2026, 14:30",Madrid,"Marché automobile, Paseo de las Delicias, 61, Madrid","Marché automobile, Paseo de las Delicias, 61, Madrid",https://www.eventbrite.es/e/entradas-mercado-de-motores-madrid-10-y-11-de-enero-entrada-gratis-1978977758749,"Le marché le plus célèbre de Madrid : mode vintage, design, brocante, artisanat, musique live et food trucks au Musée du Chemin de fer ✨ Le Marché de l'Automobile revient les 10 et 11 janvier pour...",2026-10-31T11:30:00,2026-11-30T14:30:00,31.0,10.0,2026.0,11.0,14.0,,,723.0,mercados
SerpApi,marchés,Créez vos bijoux en argent avec du vin et des collations,"dom, 11 ene, 10:00–14:30",Madrid,"Marché de la Cebada, Pl. de la Cebada, S/N, Madrid","Marché de la Cebada, Pl. de la Cebada, S/N, Madrid",https://www.eventbrite.com/e/crea-tu-joya-de-plata-con-vino-y-picoteo-tickets-1978741351649,Modelez le motif choisi avec de la pâte à argent et transformez-le en argent pur à l'aide d'un chalumeau.Venez avec votre personne préférée et dégustez des vins,2025-12-11T10:00:00,2025-12-31T14:30:00,11.0,12.0,2025.0,10.0,14.0,,,484.5,mercados
SerpApi,marchés,Paix,"mié, 28 ene, 12:00–14:00",Madrid,"Marché de la Paz, Cl. de Ayala, 28B, Madrid","Marché de la Paz, Cl. de Ayala, 28B, Madrid",https://facyre.com/taller/la-paz-2/,,2025-12-28T12:00:00,2025-12-31T14:00:00,28.0,12.0,2025.0,12.0,14.0,,,74.0,mercados
SerpApi,marchés,Chamberí,"jue, 22 ene, 12:00–14:00",Madrid,"Marché Chamberí, C. de Alonso Cano, 10, Madrid","Marché Chamberí, C. de Alonso Cano, 10, Madrid",https://facyre.com/taller/chamberi/2026-01-22/,,2025-12-22T12:00:00,2025-12-31T14:00:00,22.0,12.0,2025.0,12.0,14.0,,,218.0,mercados
SerpApi,fêtes,Festival BlackWorks Nouvel An 2026,"1 ene 2026, 18:00 – 2 ene 2026, 6:00",Madrid,"La Couverture de Leganese, C. du Maître,","La Couverture de Leganese, C. du Maître,",https://site.fourvenues.com/ca/wolf-group/events/ruta-de-bus--blackworsk-ano-nuevo-1-de-enero-01-01-2026-8CFV,ITINÉRAIRE •⁠ ⁠Ciudad real •⁠ ⁠Daimiel •⁠ ⁠Madridejos,2026-01-31T18:00:00,2026-02-28T06:00:00,31.0,1.0,2026.0,18.0,6.0,,,660.0,festivales
SerpApi,fêtes,Jackies Madrid Festival Maison Musique 2026,"25 abr 2026, 22:00 – 26 abr 2026, 1:00",Madrid,"IFEMA Madrid, Av. del Partenón, 5, Madrid","IFEMA Madrid, Av. del Partenón, 5, Madrid",https://www.ifema.es/jackies-madrid-festival-house-music,"Achetez votre billet pour Jackies Madrid Festival House Music et profitez d'artistes comme Honey Dijon, Chloe Caillet, Eliza Rose ou Piem, entre autres.",,,,,,,,,,,festivales
SerpApi,fêtes,Festival Mad Cool 2026,9–11 jul 2026,Madrid,"Accès Mad Cool depuis IFEMA, Madrid","Accès Mad Cool depuis IFEMA, Madrid",https://festivaly.eu/es/mad-cool-festival-2026/alojamiento,"Hébergement près de l'Espacio Mad Cool (Madrid), où se déroule le festival de musique Mad Cool Festival 2026.",2025-12-09T00:00:00,2026-07-11T00:00:00,9.0,12.0,2025.0,0.0,0.0,,,5136.0,festivales
SerpApi,théâtre,Théâtre Flamenco : Spectacle d'émotions,"vie, 2 ene, 17:00–18:00",Madrid,"Théâtre Flamenco de Madrid, C. del Pez, 10, Madrid","Théâtre Flamenco de Madrid, C. del Pez, 10, Madrid",https://www.ticketswap.es/event/clase-de-flamenco-en-teatro-flamenco-madrid/e8e1a5d0-80d0-4d6d-9b71-adf55b8fe49b,"Achat et vente de cours de flamenco au Teatro Flamenco Madrid |Théâtre Flamenco, Madrid |Vendredi 2 janvier 2026, 15h00 TicketSwap, la revente de confiance.",2025-12-02T17:00:00,2025-12-31T18:00:00,2.0,12.0,2025.0,17.0,18.0,,,697.0,teatro
SerpApi,théâtre,Théâtre Flamenco : Spectacle d'émotions,"dom, 4 ene, 17:00–18:00",Madrid,"Théâtre Flamenco de Madrid, C. del Pez, 10, Madrid","Théâtre Flamenco de Madrid, C. del Pez, 10, Madrid",https://www.ticketswap.es/event/teatro-flamenco-espectaculo-emociones/0535e92f-56de-4ba6-9728-01fefa019257,"Achat et vente pour le Teatro Flamenco: Spectacle Emociones |Théâtre Flamenco, Madrid |Dim 4 janvier 2026, 17h00 TicketSwap, la revente de confiance.",2025-12-04T17:00:00,2025-12-31T18:00:00,4.0,12.0,2025.0,17.0,18.0,,,649.0,teatro
SerpApi,théâtre,Spectacle de flamenco,"mié, 31 dic, 17:00–18:30",Madrid,"Théâtre Flamenco de Madrid, C. del Pez, 10, Madrid","Théâtre Flamenco de Madrid, C. del Pez, 10, Madrid",https://www.ticketswap.es/event/clase-de-flamenco-en-teatro-flamenco-madrid/3ff3374b-bd36-47c0-994f-0b21637c81f7,"Achat et vente de cours de flamenco au Teatro Flamenco Madrid |Théâtre Flamenco, Madrid |Mercredi 31 décembre, 15h00 TicketSwap, la revente de confiance.",2025-12-31T17:00:00,2025-12-31T18:30:00,31.0,12.0,2025.0,17.0,18.0,,,1.5,teatro
SerpApi,théâtre,Peter Pan,27 dic 2025 – 24 ene 2026,Madrid,"Teseo Teatro, Ronda de Ségovie, 61, Madrid","Teseo Teatro, Ronda de Ségovie, 61, Madrid",https://www.atrapalo.com/entradas/peter-pan_e4796302/,Teseo Teatro deviendra le nouveau Neverland pour que les enfants puissent être plus enfants que jamais (et que les adultes occasionnels puissent retourner en enfance).Peter Pan vous emmène dans des aventures sur l'île...,,,,,,,,,,,teatro
SerpApi,théâtre,Théâtre Flamenco : Spectacle d'émotions,"lun, 5 ene, 17:00–18:00",Madrid,"Théâtre Flamenco de Madrid, C. del Pez, 10, Madrid","Théâtre Flamenco de Madrid, C. del Pez, 10, Madrid",https://www.ticketswap.es/event/teatro-flamenco-espectaculo-emociones/783cfceb-e96a-44a6-bedb-473db8a15744,"Achat et vente pour le Teatro Flamenco: Spectacle Emociones |Théâtre Flamenco, Madrid |Lundi 5 janvier 2026, 17h00 TicketSwap, la revente de confiance.",2025-12-05T17:00:00,2025-12-31T18:00:00,5.0,12.0,2025.0,17.0,18.0,,,625.0,teatro
SerpApi,spectacles de danse,Festival de danse de Madrid,"1 may 2026, 0:00 – 31 may 2026, 0:00",Madrid,"Théâtres du Canal, C. de Cea Bermúdez, 1, Madrid","Théâtres du Canal, C. de Cea Bermúdez, 1, Madrid",https://www.esmadrid.com/agenda/festival-madrid-danza,Le festival qui rassemble année après année le meilleur de la danse nationale et internationale célèbre sa 40e édition (Lieu principal : Teatros del Canal. Courant mai).,2026-05-01T00:00:00,2026-05-31T00:00:00,1.0,5.0,2026.0,0.0,0.0,,,720.0,espectáculos de danza
SerpApi,spectacles de danse,Ballet des Lumières : Cendrillon dans un spectacle éblouissant,"dom, 18 ene, 20:00–21:00",Madrid,"Cercle des Beaux-Arts, C. Alcalá, 42, Madrid","Cercle des Beaux-Arts, C. Alcalá, 42, Madrid",https://www.ticketswap.es/event/ballet-of-lights-cenicienta-en-un-espectaculo-deslumbrante/019ac722-f399-7dd1-a5a7-c0c5fd184f0e,"Achat et vente pour Ballet des Lumières : Cendrillon dans un spectacle éblouissant |Cercle des Beaux-Arts, Madrid |Dim 18 janvier 2026, 18h00 TicketSwap, la revente de confiance.",2025-12-18T20:00:00,2025-12-31T21:00:00,18.0,12.0,2025.0,20.0,21.0,,,313.0,espectáculos de danza
SerpApi,spectacles de danse,Le Casse-Noisette,"vie, 2 ene, 12:00–15:00",Madrid,"Théâtre Lope de Vega - Le Roi Lion, Gran Vía, 57, Madrid","Théâtre Lope de Vega - Le Roi Lion, Gran Vía, 57, Madrid",https://en.perto.com/es/madrid-4145/teatro-lope-de-vega-1001298/el-cascanueces-34266123/,"Achetez votre billet pour El Cascanueces le ven. 2 janvier 2026, Madrid ✔ Teatro Lope de Vega",2025-12-02T12:00:00,2025-12-31T15:00:00,2.0,12.0,2025.0,12.0,15.0,,,699.0,espectáculos de danza
SerpApi,spectacles de danse,Ballet aux chandelles : Le Lac des Cygnes de Tchaïkovski,"31 ene 2026, 19:00 – 28 feb 2026, 21:00",Madrid,"Cercle des Beaux-Arts, C. Alcalá, 42, Madrid","Cercle des Beaux-Arts, C. Alcalá, 42, Madrid",https://feverup.com/m/136532,⭐ Candlelight apporte la magie d'une expérience musicale live dans des lieux incroyables de Madrid.Achetez vos billets pour ce ballet aux chandelles : Le Lac des Cygnes de Tchaïkovski !🚙 Bougez...,,,,,,,,,,,espectáculos de danza
SerpApi,spectacles de danse,Le Casse-Noisette,"sáb, 3 ene, 12:00",Madrid,"Théâtre Lope de Vega - Le Roi Lion, Gran Vía, 57, Madrid","Théâtre Lope de Vega - Le Roi Lion, Gran Vía, 57, Madrid",https://www.viagogo.com/Theater-Tickets/Dance-Ballet/The-Nutcracker-Tickets/E-159872940,Liste des billets pour El Cascanueces au Teatro Lope de Vega à Madrid le 03/01/2026,2025-12-03T12:00:00,,3.0,12.0,2025.0,12.0,,,,,espectáculos de danza
SerpApi,opéra,Carmen | Théâtre Royal,"dom, 4 ene, 18:00–21:00",Madrid,"Théâtre Royal, Pl. de Isabel II, s/n, Madrid","Théâtre Royal, Pl. de Isabel II, s/n, Madrid",https://lerinartists.com/en/evento/carmen-teatro-real-2/2026-01-04/,"Artistes : Marsol Toni, Ketean Schemes, Georges Books Livres : Henri Meilhac et Ludovic",2025-12-04T18:00:00,2025-12-31T21:00:00,4.0,12.0,2025.0,18.0,21.0,,,651.0,ópera
SerpApi,opéra,Grand dîner chantant du réveillon du Nouvel An,"31 dic 2025, 21:00 – 1 ene 2026, 1:00",Madrid,"Théâtre Monumental de Madrid, C. de Atocha, 65, Madrid","Théâtre Monumental de Madrid, C. de Atocha, 65, Madrid",https://agenda.hoymadrid.app/event/gran-cena-cantada-de-nochevieja/_2ae88b20caed90800436bebe8c55e6d60f0470b39c71cf1b2e6318caa122433f,Le Grand Dîner Chantant du Nouvel An est un plan sur le thème Jazz/Blues dans la catégorie Concert organisé au Café de l'Opéra (Madrid).Cliquez sur le bouton plus d'informations ou consulter...,,,,,,,,,,,ópera
SerpApi,opéra,Soirées Piano Jazz avec un verre au Café de la Ópera,"jue, 1 ene, 19:00–21:00",Madrid,"Café de la Ópera, C. de Arrieta, 6, Madrid","Café de la Ópera, C. de Arrieta, 6, Madrid",https://www.ticketswap.com/event/noches-de-piano-jazz-con-una-bebida-en-el-cafe-de-la-opera/019af517-b6da-770a-a094-38402d0fa414,"TicketSwap a ce qu'il vous faut : recevez vos billets pour Noches de Piano Jazz con una bebida en El Café de la Ópera en toute sécurité lors de l'achat, soyez payé rapidement lors de la vente et bénéficiez d'un support dédié !",2025-12-01T19:00:00,2025-12-31T21:00:00,1.0,12.0,2025.0,19.0,21.0,,,722.0,ópera
SerpApi,opéra,Spectacle de flamenco,"26 dic 2025, 19:30 – 4 ene 2026, 18:00",Madrid,"Théâtre Flamenco de Madrid, C. del Pez, 10, Madrid","Théâtre Flamenco de Madrid, C. del Pez, 10, Madrid",https://www.tiqets.com/es/entradas-teatro-flamenco-madrid-l253190/,Préparez-vous à découvrir l'essence brute du flamenco pur,,,,,,,,,,,ópera
SerpApi,opéra,Tablao d'opéra flamenco,"mié, 31 dic, 20:00–21:30",Madrid,"Tablao Opéra Flamenca, C. del Norte, 9, Madrid","Tablao Opéra Flamenca, C. del Norte, 9, Madrid",https://www.tablaosflamencosingreatermadrid.com/agenda-espectaculos/202512-31-nochevieja-en-el-tablao-opera-flamenca,"31 décembre 2025 Passe à 18h00 et 20h00 Consultez le site tablao A partir de 30 €.Le prix de la deuxième séance, avec menu du réveillon inclus, a un coût de 198 euros +...",2025-12-31T20:00:00,2025-12-31T21:30:00,31.0,12.0,2025.0,20.0,21.0,,,1.5,ópera
SerpApi,comédies musicales,"Noël magique, la comédie musicale",26 dic 2025 – 5 ene 2026,Madrid,"Salesianos Estrecho - Colegio San Juan Bautista, C. de Francos Rodríguez, 5, Madrid","Salesianos Estrecho - Colegio San Juan Bautista, C. de Francos Rodríguez, 5, Madrid",https://agenda.hoymadrid.app/event/magica-navidad-el-musical/_4f82966bf3a8eaf0f5da3d5c12766f5399c353d761cbfb10099f55d4b232825a,"Noël Magique, la comédie musicale est un plan à thème Musical dans la catégorie Spectacles et théâtre qui se déroule au Teatro Salesianos Estrecho (Madrid).Cliquez sur le bouton Plus d'informations...",,,,,,,,,,,musicales
SerpApi,comédies musicales,"Le Magicien d'Oz, la comédie musicale - Auditorium Plácido Domingo","dom, 22 feb, 11:00–14:00",Madrid,"Auditorium Plácido Domingo, C. del Monasterio de Oseira, 17B, Madrid","Auditorium Plácido Domingo, C. del Monasterio de Oseira, 17B, Madrid",https://www.entradas.com/event/el-mago-de-oz-el-musical-auditorio-placido-domingo-auditorio-placido-domingo-20447185/,"Les prix indiqués incluent les taxes et frais de dossier appliqués au billet.De plus, selon l'événement, des frais de service pouvant aller jusqu'à... peuvent être appliqués à votre commande.",2025-02-22T11:00:00,2025-12-31T14:00:00,22.0,2.0,2025.0,11.0,14.0,,,7491.0,musicales
SerpApi,comédies musicales,"La Nuit du 24, La comédie musicale",23 dic 2025 – 5 ene 2026,Madrid,"Teatros Luchana, C. de Luchana, 38, Madrid","Teatros Luchana, C. de Luchana, 38, Madrid",https://www.viagogo.com.mx/Boletos-Teatro/Musicales/La-Noche-Del-24-Boletos/E-159497013,"Annonces de billets pour La Noche Del 24, El Musical au Teatro Luchana - Complexe de Madrid le 23/12/2025",,,,,,,,,,,musicales
SerpApi,comédies musicales,À plein rythme !,"sáb, 3 ene, 21:00–22:00",Madrid,"ESPACIO BROADWAY, C. de San Vicente Ferrer, 55, Madrid","ESPACIO BROADWAY, C. de San Vicente Ferrer, 55, Madrid",https://www.entradas.com/event/a-todo-ritmo-espacio-broadway-espacio-broadway-21081044/,"AU PLEIN RYTHME !in Madrid est une comédie musicale vibrante qui mêle amour maladroit, humour absurde et chansons inoubliables, invitant le public à chanter, rire et danser sans arrêt.",2025-12-03T21:00:00,2025-12-31T22:00:00,3.0,12.0,2025.0,21.0,22.0,,,673.0,musicales
SerpApi,foires,Fonctionnalité,21–25 ene 2026,Madrid,"IFEMA Madrid, Av. del Partenón, 5, Madrid","IFEMA Madrid, Av. del Partenón, 5, Madrid",https://www.ifema.es/calendario/turismo,"Le secteur du tourisme comprend l'hôtellerie, la restauration, les transports et autres entreprises liées au tourisme, entendues comme les voyages et les séjours que les gens effectuent dans différents lieux...",,,,,,,,,,,ferias
SerpApi,foires,Maman,5–7 feb 2026,Madrid,"IFEMA Madrid, Av. del Partenón, 5, Madrid","IFEMA Madrid, Av. del Partenón, 5, Madrid",https://www.ifema.es/momad,"Momad 2026, du 5 au 7 février à IFEMA MADRID.La plateforme leader du secteur de la mode, de la chaussure et des accessoires en Espagne",2025-12-05T00:00:00,2026-02-07T00:00:00,5.0,12.0,2025.0,0.0,0.0,,,1536.0,ferias
SerpApi,foires,Intercadeau,4–7 feb 2026,Madrid,"IFEMA Madrid, Av. del Partenón, 5, Madrid","IFEMA Madrid, Av. del Partenón, 5, Madrid",https://travel2fair.com/exhibitions/intergift/4-february-2026-7-february-2026,Réservez les meilleurs hôtels d'Expo près de ✪ Intergift ✪ Madrid 2026 ✅ Aucun frais de réservation n'est inclus ✅ Sécurisez votre séjour dans un hôtel près du mess.,2025-12-04T00:00:00,2026-02-07T00:00:00,4.0,12.0,2025.0,0.0,0.0,,,1560.0,ferias
SerpApi,foires,Foire d'art CAN Madrid 2026,"5 mar 2026, 0:00 – 8 mar 2026, 0:00",Madrid,"Matadero Madrid, Pl. de Legazpi, 8, Madrid","Matadero Madrid, Pl. de Legazpi, 8, Madrid",https://www.esmadrid.com/agenda/can-madrid-art-fair-matadero-madrid,Dixième édition de la première foire destinée exclusivement aux disciplines basées sur l'art urbain contemporain (Matadero Madrid. 5 au 8 mars 2026).,2026-03-05T00:00:00,2026-03-08T00:00:00,5.0,3.0,2026.0,0.0,0.0,,,72.0,ferias
SerpApi,foires,Cadeau promotionnel PMG,12–14 ene 2026,Madrid,"IFEMA Madrid, Av. del Partenón, 5, Madrid","IFEMA Madrid, Av. del Partenón, 5, Madrid",https://www.ifema.es/promogift,"PMG Promogift 2026, du 12 au 14 janvier à IFEMA MADRID.Salon d'objets promotionnels et de machines, avec plus de 7 000 visiteurs professionnels de 30 pays",,,,,,,,,,,ferias
SerpApi,marchés aux puces,Marché de quartier de Parla,"sáb, 7 mar, 10:00–18:00",Madrid,"Place de la Garde Civile,","Place de la Garde Civile,",https://cabila.com/events/mercado-vecinal-de-segunda-mano-de-parla/?gde=2026-03-07,"Un samedi par mois, les habitants de Parla peuvent participer au marché de quartier sur la Plaza de la Guardia Civil de Parla.C'est un espace pour favoriser les échanges et...",2025-03-07T10:00:00,2025-12-31T18:00:00,7.0,3.0,2025.0,10.0,18.0,,,7184.0,mercadillos
SerpApi,marchés aux puces,Paix,"jue, 29 ene, 12:00–14:00",Madrid,"Marché de la Paz, Cl. de Ayala, 28B, Madrid","Marché de la Paz, Cl. de Ayala, 28B, Madrid",https://facyre.com/taller/la-paz/2026-01-29/,,2025-12-29T12:00:00,2025-12-31T14:00:00,29.0,12.0,2025.0,12.0,14.0,,,50.0,mercadillos
SerpApi,salons professionnels,"HIP, salon professionnel HoReCa","16 feb 2026, 12:00 – 18 feb 2026, 18:00",Madrid,"IFEMA Madrid, Av. del Partenón, 5, Madrid","IFEMA Madrid, Av. del Partenón, 5, Madrid",https://agenda.poscosecha.com/en/mec-location-details-single-page/?fesection=location&feparam=154,"#HIP2025 HIP – Horeca Professional Expo, du 16 au 18 février 2026 |Madrid – IFEMA Présentez votre startup, projet ou solution disruptive au VII Future Gastronomy Startup Forum, organisé au...",2026-02-16T12:00:00,2026-02-18T18:00:00,16.0,2.0,2026.0,12.0,18.0,,,54.0,ferias profesionales
SerpApi,salons professionnels,Semaine de l'éducation,11–15 mar 2026,Madrid,"IFEMA Madrid, Av. del Partenón, 5, Madrid","IFEMA Madrid, Av. del Partenón, 5, Madrid",https://www.ifema.es/semana-de-la-educacion,"Semaine de l'éducation 2026, du 11 au 15 mars à IFEMA MADRID.Le rendez-vous avec l'offre éducative la plus étendue d'Espagne avec les meilleurs professionnels",2025-12-11T00:00:00,2026-03-15T00:00:00,11.0,12.0,2025.0,0.0,0.0,,,2256.0,ferias profesionales
SerpApi,concerts,Concert du Nouvel An,"dom, 4 ene, 12:00–15:00",Barcelone,"Palais de la Musique Catalane, C / Palais de la Musique, 4-6, Barcelone","Palais de la Musique Catalane, C / Palais de la Musique, 4-6, Barcelone",https://www.entradas.com/event/concierto-de-ano-nuevo-orquestra-simfonica-del-valles-concierto-de-ano-nuevo-palau-de-la-musica-catalana-20929742/,"Les prix indiqués incluent les taxes et frais de dossier appliqués au billet.De plus, selon l'événement, des frais de service pouvant aller jusqu'à... peuvent être appliqués à votre commande.",2025-12-04T12:00:00,2025-12-31T15:00:00,4.0,12.0,2025.0,12.0,15.0,,,651.0,conciertos
SerpApi,concerts,Callboy électrique,"22 ene 2026, 19:00 – 23 ene 2026, 0:00",Barcelone,"Palau Sant Jordi, Passeig Olímpic, 5, Barcelone","Palau Sant Jordi, Passeig Olímpic, 5, Barcelone",https://www.bringthenoise.events/evento/route-resurrection-electric-callboy-barcelona-2026/,"🚨 NOUVELLE ROUTE RÉSURRECTION : LE « TEKKNO TRAIN » PAR ELECTRIC CALLBOY, ENFIN DANS LES PAVILLONS EN ESPAGNE !🚨 Cet été au Resurrection Fest nous avons passé un très bon moment avec eux et ils nous ont montré...",,,,,,,,,,,conciertos
SerpApi,concerts,Sofiane Pamart - Guitar BCN 2026,"vie, 20 mar, 20:30–23:30",Barcelone,"C/ Palais de la Musique, 4-6, Barcelone","C/ Palais de la Musique, 4-6, Barcelone",https://www.palaumusica.cat/es/sofiane-pamart_1501454,"Sofiane Pamart, à mi-chemin entre Los Angeles et Paris, fait partie des cinq artistes de musique classique les plus écoutés au monde.Le pianiste français revient auprès de sa bien-aimée...",2025-03-20T20:30:00,2025-12-31T23:30:00,20.0,3.0,2025.0,20.0,23.0,,,6867.0,conciertos
SerpApi,concerts,Les Quatre Saisons - Vivaldi,"20 dic 2025, 21:00 – 11 ene 2026, 18:00",Barcelone,"Palais de la Musique Catalane, C / Palais de la Musique, 4-6, Barcelone","Palais de la Musique Catalane, C / Palais de la Musique, 4-6, Barcelone",https://www.music-opera.com/es/palau-de-la-musica-espagne-barcelona/le-quattro-stagioni-vivaldi-2289247.html,"Achetez vos billets pour Le Quattro Stagioni - Vivaldi au Palau de la Música (Barcelone).Retrouvez le programme des grands concerts, opéras et ballets de Barcelone.",,,,,,,,,,,conciertos
SerpApi,expositions,"Sunday Sounds au MEAM, Musée Européen d'Art Moderne","dom, 11 ene, 18:00–19:30",Barcelone,"Musée MEAM, Carrer de la Barra de Ferro, 5, Barcelone","Musée MEAM, Carrer de la Barra de Ferro, 5, Barcelone",https://feverup.com/m/161189,🎁 Offrez cette expérience à vos proches !Cliquez ici pour voir notre carte cadeau.Billets pour Sunday Sounds au MEAM 🎫 Admission générale + 1 bière pour 1 personne 🎫 Admission...,2025-12-11T18:00:00,2025-12-31T19:30:00,11.0,12.0,2025.0,18.0,19.0,,,481.5,exposiciones
SerpApi,expositions,Après-midis de musique classique au MEAM : concert et visite du musée,"sáb, 10 ene, 18:00–18:30",Barcelone,"Musée MEAM, Carrer de la Barra de Ferro, 5, Barcelone","Musée MEAM, Carrer de la Barra de Ferro, 5, Barcelone",https://www.ticketswap.com/event/tardes-de-musica-clasica-en-el-meam-concierto-y-visita-al-museo/019a87a2-abbd-72e6-b6e9-cf78c7359e79,"Achat & vente pour Après-midis de musique classique au MEAM : concert et visite du musée |Musée Européen d'Art Moderne, Barcelone |Samedi 10 janvier 2026, 18h00.TicketSwap – revente de billets sûre et équitable.",2025-12-10T18:00:00,2025-12-31T18:30:00,10.0,12.0,2025.0,18.0,18.0,,,504.5,exposiciones
SerpApi,expositions,Après-midis de musique classique au MEAM : concert et visite du musée,"sáb, 17 ene, 18:00–18:30",Barcelone,"Musée MEAM, Carrer de la Barra de Ferro, 5, Barcelone","Musée MEAM, Carrer de la Barra de Ferro, 5, Barcelone",https://www.ticketswap.com/event/tardes-de-musica-clasica-en-el-meam-concierto-y-visita-al-museo/019a87a0-2cc1-79a2-9e0c-d74577e2e7cd,"Achat & vente pour Après-midis de musique classique au MEAM : concert et visite du musée |Musée Européen d'Art Moderne, Barcelone |Samedi 17 janvier 2026, 18h00.TicketSwap – revente de billets sûre et équitable.",2025-12-17T18:00:00,2025-12-31T18:30:00,17.0,12.0,2025.0,18.0,18.0,,,336.5,exposiciones
SerpApi,expositions,Après-midis de musique classique au MEAM : concert et visite du musée,"sáb, 31 ene, 18:00–18:30",Barcelone,"Musée MEAM, Carrer de la Barra de Ferro, 5, Barcelone","Musée MEAM, Carrer de la Barra de Ferro, 5, Barcelone",https://www.ticketswap.com/event/tardes-de-musica-clasica-en-el-meam-concierto-y-visita-al-museo/019a879b-6a67-7ad7-996e-01bb97a68ea7,"Achat & vente pour Après-midis de musique classique au MEAM : concert et visite du musée |Musée Européen d'Art Moderne, Barcelone |Samedi 31 janvier 2026, 18h00.TicketSwap – revente de billets sûre et équitable.",2025-12-31T18:00:00,2025-12-31T18:30:00,31.0,12.0,2025.0,18.0,18.0,,,0.5,exposiciones
SerpApi,expositions,Après-midis de musique classique au MEAM : concert et visite du musée,"sáb, 24 ene, 18:00–18:30",Barcelone,"Musée MEAM, Carrer de la Barra de Ferro, 5, Barcelone","Musée MEAM, Carrer de la Barra de Ferro, 5, Barcelone",https://www.ticketswap.com/event/tardes-de-musica-clasica-en-el-meam-concierto-y-visita-al-museo/019a879d-7722-7052-840d-9b0e69ec9ad5,"Achat & vente pour Après-midis de musique classique au MEAM : concert et visite du musée |Musée Européen d'Art Moderne, Barcelone |Samedi 24 janvier 2026, 18h00.TicketSwap – revente de billets sûre et équitable.",2025-12-24T18:00:00,2025-12-31T18:30:00,24.0,12.0,2025.0,18.0,18.0,,,168.5,exposiciones
SerpApi,marchés,Tout pour 1€ : Marché de l'occasion,"dom, 4 ene, 10:00–17:00",Barcelone,"L'Ovella Negra Marina, Carrer de Zamora, 78, Barcelone","L'Ovella Negra Marina, Carrer de Zamora, 78, Barcelone",https://www.eventbrite.es/e/entradas-todo-a-1-mercadillo-de-segunda-mano-1978111305163,"Le marché le moins cher de Barcelone !Avec plus de 70 vendeurs différents.Vêtements, accessoires, objets, etc...",2025-12-04T10:00:00,2025-12-31T17:00:00,4.0,12.0,2025.0,10.0,17.0,,,655.0,mercados
SerpApi,marchés,Tout pour 1€ !Spécial Marché Rave,"dom, 11 ene, 10:00–19:00",Barcelone,Bostik Nau,Bostik Nau,https://www.eventbrite.es/e/entradas-todo-a-1-especial-rave-market-1978129318040,"Une nouvelle proposition commence pour les amateurs de seconde main et de recyclage.Des tonnes de vêtements, personnalisation de vêtements en direct et bien plus encore + Avez-vous déjà été dans un marché de seconde main...",2025-12-11T10:00:00,2025-12-31T19:00:00,11.0,12.0,2025.0,10.0,19.0,41.424277,2.1929165,489.0,mercados
SerpApi,marchés,TOUS LES MARIAGES À CASTELLDEFELS,"9 mar 2026, 11:00 – 10 mar 2026, 15:00",Barcelone,"RESTAURANT TORRE BARONA // Cuisine du marché et méditerranéenne / Groupe Soteras, Avinguda de l'Hôtel, 22, Castelldefels","RESTAURANT TORRE BARONA // Cuisine du marché et méditerranéenne / Groupe Soteras, Avinguda de l'Hôtel, 22, Castelldefels",https://eventseeker.com/fr/venue/591204-torre-barona-gran-hotel-rey-don-jaime,"TOT BODA CASTELLDEFELS à Torre Barona - Gran Hotel Rey Don Jaime est un lieu de mariage et d'événement de premier ordre à Castelldefels, en Espagne.Avec une vue imprenable sur la Méditerranée, il allie histoire et...",2026-03-09T11:00:00,2026-03-10T15:00:00,9.0,3.0,2026.0,11.0,15.0,,,28.0,mercados
SerpApi,marchés,Dégustation d'huile d'olive,"mié, 31 dic",Barcelone,"Marché de Saint-Antoine, rue du Comte d'Urgell, 1, Barcelone","Marché de Saint-Antoine, rue du Comte d'Urgell, 1, Barcelone",https://thebarcelonataste.com/tastings/olive-oil/olive-oil-tasting-2025-12-31/,Rejoignez-nous pour une expérience unique de dégustation d'huile d'olive de 75 minutes au cœur de Barcelone qui rehaussera votre appréciation de l'ingrédient le plus prisé d'Espagne : l'huile d'olive.Conçu pour les gourmands...,2025-12-31T00:00:00,,31.0,12.0,2025.0,0.0,,,,,mercados
SerpApi,marchés,Dégustation d'huile d'olive,"mié, 7 ene",Barcelone,"Marché de Saint-Antoine, rue du Comte d'Urgell, 1, Barcelone","Marché de Saint-Antoine, rue du Comte d'Urgell, 1, Barcelone",https://thebarcelonataste.com/tastings/olive-oil/olive-oil-tasting-2026-01-07/page/7/,Rejoignez-nous pour une expérience unique de dégustation d'huile d'olive de 75 minutes au cœur de Barcelone qui rehaussera votre appréciation de l'ingrédient le plus prisé d'Espagne : l'huile d'olive.Conçu pour les gourmands...,2025-12-07T00:00:00,,7.0,12.0,2025.0,0.0,,,,,mercados
SerpApi,fêtes,Fête des enfants,"27 dic 2025, 1:00 – 1 ene 2026, 0:59",Barcelone,"Foire de Barcelone (Montjuic), Av. de la Reina Maria Cristina, s/n, Barcelone","Foire de Barcelone (Montjuic), Av. de la Reina Maria Cristina, s/n, Barcelone",https://www.catalunya.com/es/continguts/esdeveniments-agenda/festival-de-la-infancia-1-1-12534,La Fête des Enfants est un événement dédié aux créatures célébré à Barcelone depuis 1963 pendant les vacances de Noël.Divers pavillons du,,,,,,,,,,,festivales
SerpApi,fêtes,Festival de la Fureur (prés.)Rave intérieure de l'entrepôt,"dom, 11 ene, 17:00–20:00",Barcelone,"Sala Razzmatazz Barcelone, ​​Carrer dels Almogàvers, 122, Barcelone","Sala Razzmatazz Barcelone, ​​Carrer dels Almogàvers, 122, Barcelone",https://shotgun.live/en/events/fury-festival-pres-warehouse-indoor-rave,Vous pensiez que nous allions disparaître jusqu'à l'été... FURY revient cet hiver avec une session qui promet de faire trembler Barcelone.Razzmatazz — 11 janvier 2025 Horaires : 17h00 à 23h00 Notre...,2025-12-11T17:00:00,2025-12-31T20:00:00,11.0,12.0,2025.0,17.0,20.0,,,483.0,festivales
SerpApi,fêtes,concert du nouvel an,"dom, 4 ene, 12:00–15:00",Barcelone,"Palais de la Musique Catalane, C / Palais de la Musique, 4-6, Barcelone","Palais de la Musique Catalane, C / Palais de la Musique, 4-6, Barcelone",https://www.entradas.com/event/concierto-de-ano-nuevo-orquestra-simfonica-del-valles-concierto-de-ano-nuevo-palau-de-la-musica-catalana-20929742/,"Les prix indiqués incluent les taxes et frais de dossier appliqués au billet.De plus, selon l'événement, des frais de service pouvant aller jusqu'à... peuvent être appliqués à votre commande.",2025-12-04T12:00:00,2025-12-31T15:00:00,4.0,12.0,2025.0,12.0,15.0,,,651.0,festivales
SerpApi,fêtes,Sonar Barcelone,"18 jun 2026, 12:00 – 20 jun 2026, 23:59",Barcelone,"Foire de Barcelone (Montjuic), Av. de la Reina Maria Cristina, s/n, Barcelone","Foire de Barcelone (Montjuic), Av. de la Reina Maria Cristina, s/n, Barcelone",https://www.spain.info/es/agenda/sonar-festival-internacional-musica-avanzada-barcelona/,"Le festival Sónar, organisé dans la ville de Barcelone, est l'événement incontournable pour les amateurs de musique avancée, avec des artistes de la nouvelle génération et les dernières évolutions de la musique et de l'art...",2026-06-18T12:00:00,2026-06-20T23:59:00,18.0,6.0,2026.0,12.0,23.0,,,59.98,festivales
SerpApi,fêtes,Pass 3 jours - Festival Cruïlla 2026,"9 jul 2026, 17:00 – 11 jul 2026, 17:00",Barcelone,"Parc du Fòrum, Carrer de la Pau, 12, Sant Adrià de Besòs","Parc du Fòrum, Carrer de la Pau, 12, Sant Adrià de Besòs",https://apmusicales.com/evento/festival-cruilla-2026/,"Le Festival Cruïlla 2026 se tiendra les 8, 9, 10 et 11 juillet 2026 au Parc del Fòrum de Barcelone.Une ville emblématique et un environnement imbattable : extérieur et […]",2026-07-09T17:00:00,2026-07-11T17:00:00,9.0,7.0,2026.0,17.0,17.0,,,48.0,festivales
SerpApi,théâtre,Inspiration - Spectacle de flamenco au Théâtre Flamand de Barcelone,"mié, 31 dic, 17:00–22:15",Barcelone,"Théâtre Abaixadors 10, Carrer dels Abaixadors, 10, Barcelone","Théâtre Abaixadors 10, Carrer dels Abaixadors, 10, Barcelone",https://www.ticketswap.es/event/inspiracion-show-flamenco-en-teatro-flamenco-barcelona/b54d3bb0-7f67-44ec-90e6-198574948f4b,"Achat et vente pour Inspiration - Spectacle de flamenco au Teatro Flamenco de Barcelone |Abaixadors10, Barcelone |Mercredi 31 décembre, 17h00 TicketSwap, la revente de confiance.",2025-12-31T17:00:00,2025-12-31T22:15:00,31.0,12.0,2025.0,17.0,22.0,,,5.25,teatro
SerpApi,théâtre,Inspiration - Spectacle de flamenco au Théâtre Flamand de Barcelone,"jue, 1 ene, 17:00–18:00",Barcelone,"Théâtre Abaixadors 10, Carrer dels Abaixadors, 10, Barcelone","Théâtre Abaixadors 10, Carrer dels Abaixadors, 10, Barcelone",https://www.ticketswap.es/event/inspiracion-show-flamenco-en-teatro-flamenco-barcelona/5eea5a6b-dc73-47f6-af56-84023087ac39,"Achat et vente pour Inspiration - Spectacle de flamenco au Teatro Flamenco de Barcelone |Abaixadors10, Barcelone |Jeu. 1er janvier 2026, 17h00 TicketSwap, la revente de confiance.",2025-12-01T17:00:00,2025-12-31T18:00:00,1.0,12.0,2025.0,17.0,18.0,,,721.0,teatro
SerpApi,théâtre,Inspiration - Spectacle de flamenco au Théâtre Flamand de Barcelone,"dom, 4 ene, 19:00–20:00",Barcelone,"Théâtre Abaixadors 10, Carrer dels Abaixadors, 10, Barcelone","Théâtre Abaixadors 10, Carrer dels Abaixadors, 10, Barcelone",https://www.ticketswap.es/event/inspiracion-show-flamenco-en-teatro-flamenco-barcelona/479fbb1a-e257-4c32-823a-7ff96213f4c0,"Achat et vente pour Inspiration - Spectacle de flamenco au Teatro Flamenco de Barcelone |Abaixadors10, Barcelone |Dim 4 janvier 2026, 17h00 TicketSwap, la revente de confiance.",2025-12-04T19:00:00,2025-12-31T20:00:00,4.0,12.0,2025.0,19.0,20.0,,,649.0,teatro
SerpApi,théâtre,Inspiration - Spectacle de flamenco au Théâtre Flamand de Barcelone,"vie, 2 ene, 17:00–18:00",Barcelone,"Théâtre Abaixadors 10, Carrer dels Abaixadors, 10, Barcelone","Théâtre Abaixadors 10, Carrer dels Abaixadors, 10, Barcelone",https://www.ticketswap.es/event/inspiracion-show-flamenco-en-teatro-flamenco-barcelona/3f963a00-6718-4b71-b3b2-e7b92c021dbd,"Achat et vente pour Inspiration - Spectacle de flamenco au Teatro Flamenco de Barcelone |Abaixadors10, Barcelone |Vendredi 2 janvier 2026, 17h00.TicketSwap, la revente de confiance.",2025-12-02T17:00:00,2025-12-31T18:00:00,2.0,12.0,2025.0,17.0,18.0,,,697.0,teatro
SerpApi,théâtre,Avant et arrière,"25 dic 2025, 18:00 – 11 ene 2026, 20:30",Barcelone,"Théâtre Borras, Pl. de Urquinaoon, 9, Barcelone","Théâtre Borras, Pl. de Urquinaoon, 9, Barcelone",https://www.nitbcn.com/teatro/barcelona-teatro-borras-barcelona,"De face et de dos, au Theatro Borras, Barcelone (Vella City) du jeudi 25 décembre au dimanche 11 janvier",,,,,,,,,,,teatro
SerpApi,spectacles de danse,Ballet des Lumières : La Belle au Bois Dormant dans un spectacle éblouissant,"dom, 22 feb, 17:00–18:00",Barcelone,"Auditori L'illa, Av. Diagonale, 547, Barcelone","Auditori L'illa, Av. Diagonale, 547, Barcelone",https://feverup.com/m/188786,"⭐ Ballet des Lumières : La Belle au Bois Dormant est enfin arrivée à Barcelone.Ce conte légendaire prend vie avec de la danse classique, des chorégraphies époustouflantes et des costumes lumineux.Réservez dès maintenant vos billets pour...",2025-02-22T17:00:00,2025-12-31T18:00:00,22.0,2.0,2025.0,17.0,18.0,,,7489.0,espectáculos de danza
SerpApi,spectacles de danse,Concert de flamenco,"mié, 31 dic, 22:00",Barcelone,"Tablao Flamenco El Paraigua, Carrer del Pas de l'Ensenyança, 2, Barcelone","Tablao Flamenco El Paraigua, Carrer del Pas de l'Ensenyança, 2, Barcelone",https://www.entradas.com/artist/flamenco-new-years-eve/,"Dites au revoir à l'année avec art, passion et joie !Vivez une expérience unique lors de la nuit la plus magique de l'année.22h00 Apéritif de bienvenue 22h45 Début du spectacle de flamenco spécial réveillon du Nouvel An...",2025-12-31T22:00:00,,31.0,12.0,2025.0,22.0,,,,,espectáculos de danza
SerpApi,spectacles de danse,Concert-spectacle de flamenco,22 dic 2025 – 9 ene 2026,Barcelone,"PALAU DALMASES, Carrer de Montcada, 20, Barcelone","PALAU DALMASES, Carrer de Montcada, 20, Barcelone",https://www.viagogo.com/cl/Entradas-Teatro/Ballet-y-Danza/Espectaculo-Flamenco-Entradas/E-159126211,"Annonces de billets pour le concert de spectacle de flamenco au PALAU DALMASES à Barcelone, Catalogne le 21/12/2",,,,,,,,,,,espectáculos de danza
SerpApi,spectacles de danse,Bal folk pour aveugler I Traditionnel,"dom, 1 feb, 20:30",Barcelone,"Centre d'Artisanat Traditionnel, Passage Saint-Antoine, 6, Barcelone","Centre d'Artisanat Traditionnel, Passage Saint-Antoine, 6, Barcelone",https://agenda.hoybarcelona.app/event/ball-folk-a-cegues-i-tradicionarius-39/_37b623a3fc7aaea0c83f48e6913fd1bd06187dbd8c7ea499db8426022cc08716,Les gens du bal pour aveugler.Pouls sur le.,2025-02-01T20:30:00,,1.0,2.0,2025.0,20.0,,,,,espectáculos de danza
SerpApi,spectacles de danse,Collection Montse : Célébration,"vie, 30 ene, 19:30–21:10",Barcelone,"Espai Texas, Carrer de Bailèn, 205, Barcelone","Espai Texas, Carrer de Bailèn, 205, Barcelone",https://es.teatrebarcelona.com/espectacle/celebration,"La chorégraphe et danseuse Montse Colomé propose Celebration, un spectacle/fête comme une célébration de 60 ans de danse et de mouvement autour des arts du spectacle.Synopsis Montse Colomé...",2025-12-30T19:30:00,2025-12-31T21:10:00,30.0,12.0,2025.0,19.0,21.0,41.4020472,2.1636355,25.67,espectáculos de danza
SerpApi,opéra,Musique de film - Morricone / Concert de musique de film - Rota,"16 dic 2025, 20:00 – 9 ene 2026, 20:00",Barcelone,"Palais de la Musique Catalane, C / Palais de la Musique, 4-6, Barcelone","Palais de la Musique Catalane, C / Palais de la Musique, 4-6, Barcelone",https://www.nitbcn.com/teatro/orquestra-simfonica-del-valles-palau-musica-catalana-barcelona,"Orchestre Symphonique du Vallès, à Palau Music, Barcelone (Vieille Ville) du mardi 16 décembre au samedi 10 janvier 2026. Travail théâtral.Nitbcn.com",,,,,,,,,,,ópera
SerpApi,opéra,La Traviata-Verdi,"dom, 25 ene, 18:00–21:00",Barcelone,"Palais de la Musique Catalane, C / Palais de la Musique, 4-6, Barcelone","Palais de la Musique Catalane, C / Palais de la Musique, 4-6, Barcelone",https://www.music-opera.com/es/palau-de-la-musica-espagne-barcelona/la-traviata-verdi-2289421.html,"Achetez vos billets pour La Traviata - Verdi au Palau de la Música (Barcelone).Retrouvez le programme des grands concerts, opéras et ballets de Barcelone.",2025-12-25T18:00:00,2025-12-31T21:00:00,25.0,12.0,2025.0,18.0,21.0,,,147.0,ópera
SerpApi,opéra,HANSEL Ier GRETEL,"28 dic 2025, 13:00 – 18 ene 2026, 13:00",Barcelone,"Théâtre Poliorama |Barcelone, Rambla dels Estudis, 115, Barcelone","Théâtre Poliorama |Barcelone, Rambla dels Estudis, 115, Barcelone",https://saposyprincesas.elmundo.es/actividades-ninos/barcelona/espectaculos/musica-y-danza/hansel-i-gretel-el-musical-la-roda-produccions,"Hansel i Gretel, la comédie musicale, de Roda Produccions, est une version ludique et très originale de ce conte des frères Grimm et du livret d'Adelheid Wette pour l'opéra d'Engelbert...",,,,,,,,,,,ópera
SerpApi,opéra,"""Norma"" de Bellini","sáb, 7 mar, 18:30–21:30",Barcelone,"Palais de la Musique Catalane, C / Palais de la Musique, 4-6, Barcelone","Palais de la Musique Catalane, C / Palais de la Musique, 4-6, Barcelone",https://www.palaumusica.cat/es/-norma-de-bellini_1460842,"Opéra sous-titré en catalan.Remarque Une production de la Fondation Òpera a Catalunya.Promotion Profitez d'un prix spécial avec le pack Òpera Simfònica, qui comprend cinq citations lyriques de...",2025-03-07T18:30:00,2025-12-31T21:30:00,7.0,3.0,2025.0,18.0,21.0,,,7179.0,ópera
SerpApi,comédies musicales,"Commentaires, la comédie musicale","20 dic 2025, 18:00 – 11 ene 2026, 13:00",Barcelone,"Théâtre Gaudí Barcelone, rue Saint-Antoine-Marie, Barcelone","Théâtre Gaudí Barcelone, rue Saint-Antoine-Marie, Barcelone",https://www.nitbcn.com/teatro/feedback-el-musical-teatre-gaudi-barcelona,"Retour sur la comédie musicale, au Teatre Gaudí, Barcelone (Sagrada Família) du samedi 20 décembre au dimanche 11 janvier 2026. Pièce de théâtre/Comédies musicales.Nitbcn.com",,,,,,,,,,,musicales
SerpApi,comédies musicales,Le petit pot,"20 dic 2025, 12:00 – 17 ene 2026, 12:00",Barcelone,"Teatro Victoria, Avinguda del Paral·lel, 67, Barcelone","Teatro Victoria, Avinguda del Paral·lel, 67, Barcelone",https://www.sortirambnens.com/es/actividades/agenda-familiar/el-pot-petit-el-gran-salt-al-teatre-victoria/,"Si vous recherchez un spectacle qui combine musique live, théâtre et participation des enfants, ne manquez pas El Pot Petit : El Gran Salt !Du 20 décembre 2025 au 17 janvier 2026 dans le...",,,,,,,,,,,musicales
SerpApi,comédies musicales,Messiaen - Haendel,"14 dic 2025, 17:30 – 11 ene 2026, 12:00",Barcelone,"Palais de la Musique Catalane, C / Palais de la Musique, 4-6, Barcelone","Palais de la Musique Catalane, C / Palais de la Musique, 4-6, Barcelone",https://bachtrack.com/es_ES/concert-event/el-mesias-de-handel-vespres-darnadi-palau-de-la-musica-sala-de-concerts-14-december-2025/423204,"Commerce |Vila y Jover, Espasa, Puig, Mas, Folqué, Padullés, Olivé, Vespres d'Arnadí, Chœur de Cambra de Granollers",,,,,,,,,,,musicales
SerpApi,foires,Expo Souvenirs Espagne,"9 ene 2026, 23:00 – 11 ene 2026, 23:00",Barcelone,"Pavillon 8, Foire Great Via, Rue Aluminium, s/n, Barcelone","Pavillon 8, Foire Great Via, Rue Aluminium, s/n, Barcelone",https://www.neventum.es/ferias/souvenir-expo-spain,"Souvenir Expo Spain se tiendra à Barcelone du 9 au 11 janvier 2026, présentant l'actualité des entreprises espagnoles et internationales liées aux secteurs des cadeaux...",2026-09-30T23:00:00,2026-11-30T23:00:00,30.0,9.0,2026.0,23.0,23.0,,,1464.0,ferias
SerpApi,foires,B-Voyage.Salon du tourisme en Catalogne,"20 mar 2026, 0:00 – 22 mar 2026, 0:00",Barcelone,"Foire de Barcelone (Montjuic), Av. de la Reina Maria Cristina, s/n, Barcelone","Foire de Barcelone (Montjuic), Av. de la Reina Maria Cristina, s/n, Barcelone",https://www.catalunya.com/es/continguts/esdeveniments-agenda/b-travel-salon-del-turismo-en-catalunya-1-1-13893,"Le Salon international du tourisme de Catalogne, actuellement B-Travel, s'est imposé comme le salon du tourisme le plus important d'Espagne destiné au consommateur final.Il se tient au...",2026-03-20T00:00:00,2026-03-22T00:00:00,20.0,3.0,2026.0,0.0,0.0,,,48.0,ferias
SerpApi,foires,SIL Barcelone,"3 jun 2026, 0:00 – 5 jun 2026, 0:00",Barcelone,"Foire de Barcelone (Montjuic), Av. de la Reina Maria Cristina, s/n, Barcelone","Foire de Barcelone (Montjuic), Av. de la Reina Maria Cristina, s/n, Barcelone",https://www.catalunya.com/es/continguts/esdeveniments-agenda/sil-salon-internacional-de-la-logistica-y-de-la-manutencion-1-1-13896,"Le Salon International de la Logistique et de la Manutention (SIL), organisé par le Consortium de la Zone Franche de Barcelone, est le salon annuel leader du sud de l'Europe et de la Méditerranée, dans...",2026-06-03T00:00:00,2026-06-05T00:00:00,3.0,6.0,2026.0,0.0,0.0,,,48.0,ferias
SerpApi,foires,Semaine de la mode nuptiale de Barcelone,"22 abr 2026, 0:00 – 26 abr 2026, 0:00",Barcelone,"Foire de Barcelone (Montjuic), Av. de la Reina Maria Cristina, s/n, Barcelone","Foire de Barcelone (Montjuic), Av. de la Reina Maria Cristina, s/n, Barcelone",https://www.catalunya.com/es/continguts/esdeveniments-agenda/barcelona-bridal-fashion-week-1-1-13733,"La Fira de Barcelona présente la Barcelona Bridal Week, l'un des événements les plus importants au monde dans le secteur de la mode nuptiale, tant pour les femmes que pour les hommes, et où...",,,,,,,,,,,ferias
SerpApi,marchés aux puces,Marché aux fruits sucrés à Piera,"dom, 7 jun",Barcelone,"Entreprise et emploi piera, Avinguda de la Carretera d'Igualada, 2, Piera","Entreprise et emploi piera, Avinguda de la Carretera d'Igualada, 2, Piera",https://www.catalunya.com/es/continguts/esdeveniments-agenda/mercado-de-la-fruta-dulce-1-1-556496,"Avec le beau temps arrive à Piera (L'Anoia) le Marché aux Fruits Doux, qui durera jusqu'en septembre et aura lieu tous les dimanches dans la ville.Aux différents arrêts installés à...",2025-06-07T00:00:00,,7.0,6.0,2025.0,0.0,,,,,mercadillos
SerpApi,marchés aux puces,Marché aux pêches d'Ordal,"sáb, 6 jun",Barcelone,"Centre d'interprétation de la Dernière Défense de Barcelone, El Pago, Camí de la Creu, S/N, Ordal","Centre d'interprétation de la Dernière Défense de Barcelone, El Pago, Camí de la Creu, S/N, Ordal",https://www.catalunya.com/es/continguts/esdeveniments-agenda/mercado-del-melocoton-del-ordal-1-1-521793,Le marché des pêches d'Ordal se tient sur la place Subirats à Sant Pau d'Ordal et permet un échange commercial direct entre les producteurs de pêches d'Ordal et les consommateurs...,2025-06-06T00:00:00,,6.0,6.0,2025.0,0.0,,,,,mercadillos
SerpApi,marchés aux puces,"""L'échange"" (17 et 18 janvier).Bourse d'échange de vêtements automne/hiver","dom, 18 ene",Barcelone,"Musée du Textile de Terrassa, Carrer de Salmerón, 25, Terrassa","Musée du Textile de Terrassa, Carrer de Salmerón, 25, Terrassa",https://museutextil.cat/es/activitats/intercanvi-roba-tardor-hivern-18_01_2026/,"Activité gratuite pour les adultes, sur réservation préalable en bas de cette page.Places limitées.Vous avez des restes de vêtements dans le placard et souhaitez faire le ménage après les vacances de Noël...",2025-12-18T00:00:00,,18.0,12.0,2025.0,0.0,,,,,mercadillos
SerpApi,salons professionnels,Photo du Festival du Forum,"18 feb 2026, 9:00 – 20 feb 2026, 19:30",Barcelone,"Foire de Barcelone (Montjuic), Av. de la Reina Maria Cristina, s/n, Barcelone","Foire de Barcelone (Montjuic), Av. de la Reina Maria Cristina, s/n, Barcelone",https://www.eventbrite.com/e/entradas-photo-forum-fest-2026-181920-de-febrero-1306876465689,"Laissez-vous inspirer par Photo Forum Fest 2026 : trois jours de photographie, de formation et d'expériences uniques à Barcelone.",2026-02-18T09:00:00,2026-02-20T19:30:00,18.0,2.0,2026.0,9.0,19.0,,,58.5,ferias profesionales
SerpApi,salons professionnels,Cosmobeauté,25–27 mar 2026,Barcelone,"CCIB - Centre International de Conventions de Barcelone, Place Willy Brandt,","CCIB - Centre International de Conventions de Barcelone, Place Willy Brandt,",https://www.catalunya.com/es/continguts/esdeveniments-agenda/cosmobeauty-1-1-14512,"Le site CCIB, dans le quartier Diagonal Mar de Barcelone, héberge ce salon axé sur les retrouvailles entre coiffure, esthétique et bien-être ;les trois axes du monde de la beauté.A cette foire...",2025-12-25T00:00:00,2026-03-27T00:00:00,25.0,12.0,2025.0,0.0,0.0,,,2208.0,ferias profesionales
SerpApi,salons professionnels,Salon de l'emploi technologique de Barcelone,"jue, 19 mar, 18:00–21:00",Barcelone,"Barcelone, Barcelone, Barcelone","Barcelone, Barcelone, Barcelone",https://techmeetups.com/event/barcelona-tech-job-fair-feria-de-empleo-de-tecnologia-de-barcelona-2026/,"Bienvenue au Barcelona Tech Job Fair Edition 2026 organisé par TechMeetups !TechMeetups est un réseau mondial reliant 25 communautés interdépendantes, représentant plus de...",2025-03-19T18:00:00,2025-12-31T21:00:00,19.0,3.0,2025.0,18.0,21.0,41.3825802,2.177073,6891.0,ferias profesionales
